[2026-09-29 08:05:04] Monitor gestartet (Interval=30s, Ziel=/Users/lukas/.bach/backups/task_1316/translation_results.json)
[2026-09-29 08:05:04] Fortschritt: 26/212 (12.3%) | success=26, fail=0, remaining=186 | avg/job=90.7s | ETA=4:41:15 | Letzter: Job 26 cli.generiert_validiert_yaml_header_fuer_skill_md_date -> en (OK, qwen3.8:27b-mlx, 140.6s)
[2026-09-29 08:05:34] Fortschritt: 26/212 (12.3%) | success=26, fail=0, remaining=186 | avg/job=91.4s | ETA=4:43:23 | Letzter: Job 26 cli.generiert_validiert_yaml_header_fuer_skill_md_date -> en (OK, qwen3.8:27b-mlx, 118.7s)
[2026-09-29 08:06:04] Fortschritt: 26/212 (12.3%) | success=26, fail=0, remaining=186 | avg/job=91.4s | ETA=4:43:23 | Letzter: Job 26 cli.generiert_validiert_yaml_header_fuer_skill_md_date -> en (OK, qwen3.8:27b-mlx, 118.7s)
[2026-09-29 08:06:34] Fortschritt: 26/212 (12.3%) | success=26, fail=0, remaining=186 | avg/job=91.4s | ETA=4:43:23 | Letzter: Job 26 cli.generiert_validiert_yaml_header_fuer_skill_md_date -> en (OK, qwen3.8:27b-mlx, 118.7s)
[2026-09-29 08:07:05] Fortschritt: 27/212 (12.7%) | success=27, fail=0, remaining=185 | avg/job=102.2s | ETA=5:15:03, seit Start ~121s/Job | Letzter: Job 27 cli.generiert_validiert_yaml_header_fuer_skill_md_date -> es (OK, qwen3.8:27b-mlx, 152.5s)
[2026-09-29 08:07:35] Fortschritt: 27/212 (12.7%) | success=27, fail=0, remaining=185 | avg/job=102.2s | ETA=5:15:03 | Letzter: Job 27 cli.generiert_validiert_yaml_header_fuer_skill_md_date -> es (OK, qwen3.8:27b-mlx, 152.5s)
[2026-09-29 08:08:05] Fortschritt: 27/212 (12.7%) | success=27, fail=0, remaining=185 | avg/job=105.4s | ETA=5:24:55 | Letzter: Job 27 cli.generiert_validiert_yaml_header_fuer_skill_md_date -> es (OK, qwen3.8:27b-mlx, 177.6s)
[2026-09-29 08:08:35] Fortschritt: 27/212 (12.7%) | success=27, fail=0, remaining=185 | avg/job=105.4s | ETA=5:24:55 | Letzter: Job 27 cli.generiert_validiert_yaml_header_fuer_skill_md_date -> es (OK, qwen3.8:27b-mlx, 177.6s)
[2026-09-29 08:09:05] Fortschritt: 27/212 (12.7%) | success=27, fail=0, remaining=185 | avg/job=105.4s | ETA=5:24:55 | Letzter: Job 27 cli.generiert_validiert_yaml_header_fuer_skill_md_date -> es (OK, qwen3.8:27b-mlx, 177.6s)
[2026-09-29 08:09:35] Fortschritt: 27/212 (12.7%) | success=27, fail=0, remaining=185 | avg/job=105.4s | ETA=5:24:55 | Letzter: Job 27 cli.generiert_validiert_yaml_header_fuer_skill_md_date -> es (OK, qwen3.8:27b-mlx, 177.6s)
[2026-09-29 08:10:06] Fortschritt: 28/212 (13.2%) | success=28, fail=0, remaining=184 | avg/job=117.4s | ETA=5:59:55, seit Start ~181s/Job | Letzter: Job 28 cli.generiert_validiert_yaml_header_fuer_skill_md_date -> ru (OK, qwen3.8:27b-mlx, 177.3s)
[2026-09-29 08:10:36] Fortschritt: 28/212 (13.2%) | success=28, fail=0, remaining=184 | avg/job=117.4s | ETA=5:59:55 | Letzter: Job 28 cli.generiert_validiert_yaml_header_fuer_skill_md_date -> ru (OK, qwen3.8:27b-mlx, 177.3s)
[2026-09-29 08:11:06] Fortschritt: 28/212 (13.2%) | success=28, fail=0, remaining=184 | avg/job=120.9s | ETA=6:10:45 | Letzter: Job 28 cli.generiert_validiert_yaml_header_fuer_skill_md_date -> ru (OK, qwen3.8:27b-mlx, 180.6s)
[2026-09-29 08:11:36] Fortschritt: 28/212 (13.2%) | success=28, fail=0, remaining=184 | avg/job=120.9s | ETA=6:10:45 | Letzter: Job 28 cli.generiert_validiert_yaml_header_fuer_skill_md_date -> ru (OK, qwen3.8:27b-mlx, 180.6s)
[2026-09-29 08:12:06] Fortschritt: 28/212 (13.2%) | success=28, fail=0, remaining=184 | avg/job=120.9s | ETA=6:10:45 | Letzter: Job 28 cli.generiert_validiert_yaml_header_fuer_skill_md_date -> ru (OK, qwen3.8:27b-mlx, 180.6s)
[2026-09-29 08:12:36] Fortschritt: 28/212 (13.2%) | success=28, fail=0, remaining=184 | avg/job=120.9s | ETA=6:10:45 | Letzter: Job 28 cli.generiert_validiert_yaml_header_fuer_skill_md_date -> ru (OK, qwen3.8:27b-mlx, 180.6s)
[2026-09-29 08:13:07] Fortschritt: 29/212 (13.7%) | success=29, fail=0, remaining=183 | avg/job=130.1s | ETA=6:36:41, seit Start ~181s/Job | Letzter: Job 29 cli.generiert_validiert_yaml_header_fuer_skill_md_date -> ja (OK, qwen3.8:27b-mlx, 202.1s)
[2026-09-29 08:13:37] Fortschritt: 29/212 (13.7%) | success=29, fail=0, remaining=183 | avg/job=130.1s | ETA=6:36:41 | Letzter: Job 29 cli.generiert_validiert_yaml_header_fuer_skill_md_date -> ja (OK, qwen3.8:27b-mlx, 202.1s)
[2026-09-29 08:14:07] Fortschritt: 29/212 (13.7%) | success=29, fail=0, remaining=183 | avg/job=130.1s | ETA=6:36:41 | Letzter: Job 29 cli.generiert_validiert_yaml_header_fuer_skill_md_date -> ja (OK, qwen3.8:27b-mlx, 202.1s)
[2026-09-29 08:14:37] Fortschritt: 29/212 (13.7%) | success=29, fail=0, remaining=183 | avg/job=134.0s | ETA=6:48:46 | Letzter: Job 29 cli.generiert_validiert_yaml_header_fuer_skill_md_date -> ja (OK, qwen3.8:27b-mlx, 206.3s)
[2026-09-29 08:15:07] Fortschritt: 29/212 (13.7%) | success=29, fail=0, remaining=183 | avg/job=134.0s | ETA=6:48:46 | Letzter: Job 29 cli.generiert_validiert_yaml_header_fuer_skill_md_date -> ja (OK, qwen3.8:27b-mlx, 206.3s)
[2026-09-29 08:15:37] Fortschritt: 29/212 (13.7%) | success=29, fail=0, remaining=183 | avg/job=134.0s | ETA=6:48:46 | Letzter: Job 29 cli.generiert_validiert_yaml_header_fuer_skill_md_date -> ja (OK, qwen3.8:27b-mlx, 206.3s)
[2026-09-29 08:16:07] Fortschritt: 30/212 (14.2%) | success=30, fail=0, remaining=182 | avg/job=137.1s | ETA=6:55:46, seit Start ~181s/Job | Letzter: Job 30 cli.generiert_validiert_yaml_header_fuer_skill_md_date -> zh (OK, qwen3.8:27b-mlx, 171.4s)
[2026-09-29 08:16:38] Fortschritt: 30/212 (14.2%) | success=30, fail=0, remaining=182 | avg/job=137.1s | ETA=6:55:46 | Letzter: Job 30 cli.generiert_validiert_yaml_header_fuer_skill_md_date -> zh (OK, qwen3.8:27b-mlx, 171.4s)
[2026-09-29 08:17:08] Fortschritt: 30/212 (14.2%) | success=30, fail=0, remaining=182 | avg/job=136.8s | ETA=6:54:51 | Letzter: Job 30 cli.generiert_validiert_yaml_header_fuer_skill_md_date -> zh (OK, qwen3.8:27b-mlx, 128.8s)
[2026-09-29 08:17:38] Fortschritt: 30/212 (14.2%) | success=30, fail=0, remaining=182 | avg/job=136.8s | ETA=6:54:51 | Letzter: Job 30 cli.generiert_validiert_yaml_header_fuer_skill_md_date -> zh (OK, qwen3.8:27b-mlx, 128.8s)
[2026-09-29 08:18:08] Fortschritt: 30/212 (14.2%) | success=30, fail=0, remaining=182 | avg/job=136.8s | ETA=6:54:51 | Letzter: Job 30 cli.generiert_validiert_yaml_header_fuer_skill_md_date -> zh (OK, qwen3.8:27b-mlx, 128.8s)
[2026-09-29 08:18:38] Fortschritt: 31/212 (14.6%) | success=31, fail=0, remaining=181 | avg/job=140.5s | ETA=7:03:53, seit Start ~150s/Job | Letzter: Job 31 cli.hinweis_pfad_heilung_ist_nicht_mehr_noetig -> es (OK, qwen3.8:27b-mlx, 137.9s)
[2026-09-29 08:19:08] Fortschritt: 31/212 (14.6%) | success=31, fail=0, remaining=181 | avg/job=140.5s | ETA=7:03:53 | Letzter: Job 31 cli.hinweis_pfad_heilung_ist_nicht_mehr_noetig -> es (OK, qwen3.8:27b-mlx, 137.9s)
[2026-09-29 08:19:38] Fortschritt: 31/212 (14.6%) | success=31, fail=0, remaining=181 | avg/job=142.9s | ETA=7:11:13 | Letzter: Job 31 cli.hinweis_pfad_heilung_ist_nicht_mehr_noetig -> es (OK, qwen3.8:27b-mlx, 165.3s)
[2026-09-29 08:20:08] Fortschritt: 31/212 (14.6%) | success=31, fail=0, remaining=181 | avg/job=142.9s | ETA=7:11:13 | Letzter: Job 31 cli.hinweis_pfad_heilung_ist_nicht_mehr_noetig -> es (OK, qwen3.8:27b-mlx, 165.3s)
[2026-09-29 08:20:38] Fortschritt: 31/212 (14.6%) | success=31, fail=0, remaining=181 | avg/job=142.9s | ETA=7:11:13 | Letzter: Job 31 cli.hinweis_pfad_heilung_ist_nicht_mehr_noetig -> es (OK, qwen3.8:27b-mlx, 165.3s)
[2026-09-29 08:21:09] Fortschritt: 32/212 (15.1%) | success=32, fail=0, remaining=180 | avg/job=146.8s | ETA=7:20:27, seit Start ~151s/Job | Letzter: Job 32 cli.hinweis_pfad_heilung_ist_nicht_mehr_noetig -> ru (OK, qwen3.8:27b-mlx, 161.3s)
[2026-09-29 08:21:39] Fortschritt: 32/212 (15.1%) | success=32, fail=0, remaining=180 | avg/job=146.8s | ETA=7:20:27 | Letzter: Job 32 cli.hinweis_pfad_heilung_ist_nicht_mehr_noetig -> ru (OK, qwen3.8:27b-mlx, 161.3s)
[2026-09-29 08:22:09] Fortschritt: 32/212 (15.1%) | success=32, fail=0, remaining=180 | avg/job=149.0s | ETA=7:26:56 | Letzter: Job 32 cli.hinweis_pfad_heilung_ist_nicht_mehr_noetig -> ru (OK, qwen3.8:27b-mlx, 158.6s)
[2026-09-29 08:22:39] Fortschritt: 32/212 (15.1%) | success=32, fail=0, remaining=180 | avg/job=149.0s | ETA=7:26:56 | Letzter: Job 32 cli.hinweis_pfad_heilung_ist_nicht_mehr_noetig -> ru (OK, qwen3.8:27b-mlx, 158.6s)
[2026-09-29 08:23:09] Fortschritt: 32/212 (15.1%) | success=32, fail=0, remaining=180 | avg/job=149.0s | ETA=7:26:56 | Letzter: Job 32 cli.hinweis_pfad_heilung_ist_nicht_mehr_noetig -> ru (OK, qwen3.8:27b-mlx, 158.6s)
[2026-09-29 08:23:39] Fortschritt: 32/212 (15.1%) | success=32, fail=0, remaining=180 | avg/job=149.0s | ETA=7:26:56 | Letzter: Job 32 cli.hinweis_pfad_heilung_ist_nicht_mehr_noetig -> ru (OK, qwen3.8:27b-mlx, 158.6s)
[2026-09-29 08:24:10] Fortschritt: 33/212 (15.6%) | success=33, fail=0, remaining=179 | avg/job=152.0s | ETA=7:33:35, seit Start ~181s/Job | Letzter: Job 33 cli.hinweis_pfad_heilung_ist_nicht_mehr_noetig -> ja (OK, qwen3.8:27b-mlx, 179.3s)
[2026-09-29 08:24:40] Fortschritt: 33/212 (15.6%) | success=33, fail=0, remaining=179 | avg/job=152.0s | ETA=7:33:35 | Letzter: Job 33 cli.hinweis_pfad_heilung_ist_nicht_mehr_noetig -> ja (OK, qwen3.8:27b-mlx, 179.3s)
[2026-09-29 08:25:10] Fortschritt: 33/212 (15.6%) | success=33, fail=0, remaining=179 | avg/job=154.4s | ETA=7:40:38 | Letzter: Job 33 cli.hinweis_pfad_heilung_ist_nicht_mehr_noetig -> ja (OK, qwen3.8:27b-mlx, 181.4s)
[2026-09-29 08:25:40] Fortschritt: 33/212 (15.6%) | success=33, fail=0, remaining=179 | avg/job=154.4s | ETA=7:40:38 | Letzter: Job 33 cli.hinweis_pfad_heilung_ist_nicht_mehr_noetig -> ja (OK, qwen3.8:27b-mlx, 181.4s)
[2026-09-29 08:26:10] Fortschritt: 33/212 (15.6%) | success=33, fail=0, remaining=179 | avg/job=154.4s | ETA=7:40:38 | Letzter: Job 33 cli.hinweis_pfad_heilung_ist_nicht_mehr_noetig -> ja (OK, qwen3.8:27b-mlx, 181.4s)
[2026-09-29 08:26:40] Fortschritt: 34/212 (16.0%) | success=34, fail=0, remaining=178 | avg/job=156.5s | ETA=7:44:10, seit Start ~151s/Job | Letzter: Job 34 cli.hinweis_pfad_heilung_ist_nicht_mehr_noetig -> zh (OK, qwen3.8:27b-mlx, 158.7s)
[2026-09-29 08:27:10] Fortschritt: 34/212 (16.0%) | success=34, fail=0, remaining=178 | avg/job=156.5s | ETA=7:44:10 | Letzter: Job 34 cli.hinweis_pfad_heilung_ist_nicht_mehr_noetig -> zh (OK, qwen3.8:27b-mlx, 158.7s)
[2026-09-29 08:27:40] Fortschritt: 34/212 (16.0%) | success=34, fail=0, remaining=178 | avg/job=156.5s | ETA=7:44:10 | Letzter: Job 34 cli.hinweis_pfad_heilung_ist_nicht_mehr_noetig -> zh (OK, qwen3.8:27b-mlx, 158.7s)
[2026-09-29 08:28:11] Fortschritt: 35/212 (16.5%) | success=35, fail=0, remaining=177 | avg/job=157.6s | ETA=7:45:01, seit Start ~90s/Job | Letzter: Job 35 cli.holt_aktuelle_daten_f_r_die_hauptindizes -> en (OK, qwen3.8:27b-mlx, 95.3s)
[2026-09-29 08:28:41] Fortschritt: 35/212 (16.5%) | success=35, fail=0, remaining=177 | avg/job=151.8s | ETA=7:27:39 | Letzter: Job 35 cli.holt_aktuelle_daten_f_r_die_hauptindizes -> en (OK, qwen3.8:27b-mlx, 40.6s)
[2026-09-29 08:29:11] Fortschritt: 36/212 (17.0%) | success=36, fail=0, remaining=176 | avg/job=149.6s | ETA=7:18:43, seit Start ~60s/Job | Letzter: Job 36 cli.holt_aktuelle_daten_f_r_die_hauptindizes -> es (OK, qwen3.8:27b-mlx, 59.9s)
[2026-09-29 08:29:41] Fortschritt: 36/212 (17.0%) | success=36, fail=0, remaining=176 | avg/job=149.6s | ETA=7:18:43 | Letzter: Job 36 cli.holt_aktuelle_daten_f_r_die_hauptindizes -> es (OK, qwen3.8:27b-mlx, 59.9s)
[2026-09-29 08:30:11] Fortschritt: 36/212 (17.0%) | success=36, fail=0, remaining=176 | avg/job=147.8s | ETA=7:13:34 | Letzter: Job 36 cli.holt_aktuelle_daten_f_r_die_hauptindizes -> es (OK, qwen3.8:27b-mlx, 79.3s)
[2026-09-29 08:30:41] Fortschritt: 36/212 (17.0%) | success=36, fail=0, remaining=176 | avg/job=147.8s | ETA=7:13:34 | Letzter: Job 36 cli.holt_aktuelle_daten_f_r_die_hauptindizes -> es (OK, qwen3.8:27b-mlx, 79.3s)
[2026-09-29 08:31:11] Fortschritt: 37/212 (17.5%) | success=37, fail=0, remaining=175 | avg/job=143.7s | ETA=6:59:05, seit Start ~121s/Job | Letzter: Job 37 cli.holt_aktuelle_daten_f_r_die_hauptindizes -> ru (OK, qwen3.8:27b-mlx, 93.8s)
[2026-09-29 08:31:41] Fortschritt: 37/212 (17.5%) | success=37, fail=0, remaining=175 | avg/job=139.4s | ETA=6:46:38 | Letzter: Job 37 cli.holt_aktuelle_daten_f_r_die_hauptindizes -> ru (OK, qwen3.8:27b-mlx, 93.7s)
[2026-09-29 08:32:12] Fortschritt: 37/212 (17.5%) | success=37, fail=0, remaining=175 | avg/job=139.4s | ETA=6:46:38 | Letzter: Job 37 cli.holt_aktuelle_daten_f_r_die_hauptindizes -> ru (OK, qwen3.8:27b-mlx, 93.7s)
[2026-09-29 08:32:42] Fortschritt: 38/212 (17.9%) | success=38, fail=0, remaining=174 | avg/job=135.5s | ETA=6:32:54, seit Start ~90s/Job | Letzter: Job 38 cli.holt_aktuelle_daten_f_r_die_hauptindizes -> ja (OK, qwen3.8:27b-mlx, 95.2s)
[2026-09-29 08:33:12] Fortschritt: 38/212 (17.9%) | success=38, fail=0, remaining=174 | avg/job=135.5s | ETA=6:32:54 | Letzter: Job 38 cli.holt_aktuelle_daten_f_r_die_hauptindizes -> ja (OK, qwen3.8:27b-mlx, 95.2s)
[2026-09-29 08:33:42] Fortschritt: 38/212 (17.9%) | success=38, fail=0, remaining=174 | avg/job=132.2s | ETA=6:23:31 | Letzter: Job 38 cli.holt_aktuelle_daten_f_r_die_hauptindizes -> ja (OK, qwen3.8:27b-mlx, 109.0s)
[2026-09-29 08:34:12] Fortschritt: 38/212 (17.9%) | success=38, fail=0, remaining=174 | avg/job=132.2s | ETA=6:23:31 | Letzter: Job 38 cli.holt_aktuelle_daten_f_r_die_hauptindizes -> ja (OK, qwen3.8:27b-mlx, 109.0s)
[2026-09-29 08:34:42] Fortschritt: 39/212 (18.4%) | success=39, fail=0, remaining=173 | avg/job=127.2s | ETA=6:06:42, seit Start ~121s/Job | Letzter: Job 39 cli.holt_aktuelle_daten_f_r_die_hauptindizes -> zh (OK, qwen3.8:27b-mlx, 119.1s)
[2026-09-29 08:35:13] Fortschritt: 39/212 (18.4%) | success=39, fail=0, remaining=173 | avg/job=122.4s | ETA=5:52:52 | Letzter: Job 39 cli.holt_aktuelle_daten_f_r_die_hauptindizes -> zh (OK, qwen3.8:27b-mlx, 107.7s)
[2026-09-29 08:35:43] Fortschritt: 39/212 (18.4%) | success=39, fail=0, remaining=173 | avg/job=122.4s | ETA=5:52:52 | Letzter: Job 39 cli.holt_aktuelle_daten_f_r_die_hauptindizes -> zh (OK, qwen3.8:27b-mlx, 107.7s)
[2026-09-29 08:36:13] Fortschritt: 39/212 (18.4%) | success=39, fail=0, remaining=173 | avg/job=122.4s | ETA=5:52:52 | Letzter: Job 39 cli.holt_aktuelle_daten_f_r_die_hauptindizes -> zh (OK, qwen3.8:27b-mlx, 107.7s)
[2026-09-29 08:36:43] Fortschritt: 40/212 (18.9%) | success=40, fail=0, remaining=172 | avg/job=124.1s | ETA=5:55:38, seit Start ~121s/Job | Letzter: Job 40 cli.holt_den_aktuellen_preis_und_nderung_ar -> en (OK, qwen3.8:27b-mlx, 140.2s)
[2026-09-29 08:37:13] Fortschritt: 40/212 (18.9%) | success=40, fail=0, remaining=172 | avg/job=124.1s | ETA=5:55:38 | Letzter: Job 40 cli.holt_den_aktuellen_preis_und_nderung_ar -> en (OK, qwen3.8:27b-mlx, 140.2s)
[2026-09-29 08:37:43] Fortschritt: 40/212 (18.9%) | success=40, fail=0, remaining=172 | avg/job=122.8s | ETA=5:51:55 | Letzter: Job 40 cli.holt_den_aktuellen_preis_und_nderung_ar -> en (OK, qwen3.8:27b-mlx, 132.6s)
[2026-09-29 08:38:14] Fortschritt: 41/212 (19.3%) | success=41, fail=0, remaining=171 | avg/job=119.1s | ETA=5:39:26, seit Start ~91s/Job | Letzter: Job 41 cli.holt_den_aktuellen_preis_und_nderung_ar -> es (OK, qwen3.8:27b-mlx, 88.3s)
[2026-09-29 08:38:44] Fortschritt: 41/212 (19.3%) | success=41, fail=0, remaining=171 | avg/job=119.1s | ETA=5:39:26 | Letzter: Job 41 cli.holt_den_aktuellen_preis_und_nderung_ar -> es (OK, qwen3.8:27b-mlx, 88.3s)
[2026-09-29 08:39:14] Fortschritt: 41/212 (19.3%) | success=41, fail=0, remaining=171 | avg/job=119.1s | ETA=5:39:26 | Letzter: Job 41 cli.holt_den_aktuellen_preis_und_nderung_ar -> es (OK, qwen3.8:27b-mlx, 88.3s)
[2026-09-29 08:39:44] Fortschritt: 41/212 (19.3%) | success=41, fail=0, remaining=171 | avg/job=118.3s | ETA=5:37:05 | Letzter: Job 41 cli.holt_den_aktuellen_preis_und_nderung_ar -> es (OK, qwen3.8:27b-mlx, 120.4s)
[2026-09-29 08:40:14] Fortschritt: 42/212 (19.8%) | success=42, fail=0, remaining=170 | avg/job=113.7s | ETA=5:22:01, seit Start ~120s/Job | Letzter: Job 42 cli.holt_den_aktuellen_preis_und_nderung_ar -> ru (OK, qwen3.8:27b-mlx, 106.8s)
[2026-09-29 08:40:44] Fortschritt: 42/212 (19.8%) | success=42, fail=0, remaining=170 | avg/job=113.7s | ETA=5:22:01 | Letzter: Job 42 cli.holt_den_aktuellen_preis_und_nderung_ar -> ru (OK, qwen3.8:27b-mlx, 106.8s)
[2026-09-29 08:41:14] Fortschritt: 42/212 (19.8%) | success=42, fail=0, remaining=170 | avg/job=112.8s | ETA=5:19:34 | Letzter: Job 42 cli.holt_den_aktuellen_preis_und_nderung_ar -> ru (OK, qwen3.8:27b-mlx, 103.7s)
[2026-09-29 08:41:45] Fortschritt: 42/212 (19.8%) | success=42, fail=0, remaining=170 | avg/job=112.8s | ETA=5:19:34 | Letzter: Job 42 cli.holt_den_aktuellen_preis_und_nderung_ar -> ru (OK, qwen3.8:27b-mlx, 103.7s)
[2026-09-29 08:42:15] Fortschritt: 43/212 (20.3%) | success=43, fail=0, remaining=169 | avg/job=108.7s | ETA=5:06:14, seit Start ~121s/Job | Letzter: Job 43 cli.holt_den_aktuellen_preis_und_nderung_ar -> ja (OK, qwen3.8:27b-mlx, 130.0s)
[2026-09-29 08:42:45] Fortschritt: 43/212 (20.3%) | success=43, fail=0, remaining=169 | avg/job=108.7s | ETA=5:06:14 | Letzter: Job 43 cli.holt_den_aktuellen_preis_und_nderung_ar -> ja (OK, qwen3.8:27b-mlx, 130.0s)
[2026-09-29 08:43:15] Fortschritt: 43/212 (20.3%) | success=43, fail=0, remaining=169 | avg/job=107.7s | ETA=5:03:17 | Letzter: Job 43 cli.holt_den_aktuellen_preis_und_nderung_ar -> ja (OK, qwen3.8:27b-mlx, 130.2s)
[2026-09-29 08:43:45] Fortschritt: 43/212 (20.3%) | success=43, fail=0, remaining=169 | avg/job=107.7s | ETA=5:03:17 | Letzter: Job 43 cli.holt_den_aktuellen_preis_und_nderung_ar -> ja (OK, qwen3.8:27b-mlx, 130.2s)
[2026-09-29 08:44:15] Fortschritt: 44/212 (20.8%) | success=44, fail=0, remaining=168 | avg/job=103.7s | ETA=4:50:16, seit Start ~121s/Job | Letzter: Job 44 cli.holt_den_aktuellen_preis_und_nderung_ar -> zh (OK, qwen3.8:27b-mlx, 108.1s)
[2026-09-29 08:44:46] Fortschritt: 44/212 (20.8%) | success=44, fail=0, remaining=168 | avg/job=101.2s | ETA=4:43:24 | Letzter: Job 44 cli.holt_den_aktuellen_preis_und_nderung_ar -> zh (OK, qwen3.8:27b-mlx, 95.1s)
[2026-09-29 08:45:16] Fortschritt: 45/212 (21.2%) | success=45, fail=0, remaining=167 | avg/job=101.9s | ETA=4:43:38, seit Start ~60s/Job | Letzter: Job 45 cli.importiert_dateien_in_den_data_roh_ordner_fruehe -> en (OK, qwen3.8:27b-mlx, 77.6s)
[2026-09-29 08:45:46] Fortschritt: 45/212 (21.2%) | success=45, fail=0, remaining=167 | avg/job=101.9s | ETA=4:43:38 | Letzter: Job 45 cli.importiert_dateien_in_den_data_roh_ordner_fruehe -> en (OK, qwen3.8:27b-mlx, 77.6s)
[2026-09-29 08:46:16] Fortschritt: 45/212 (21.2%) | success=45, fail=0, remaining=167 | avg/job=103.3s | ETA=4:47:37 | Letzter: Job 45 cli.importiert_dateien_in_den_data_roh_ordner_fruehe -> en (OK, qwen3.8:27b-mlx, 61.8s)
[2026-09-29 08:46:46] Fortschritt: 45/212 (21.2%) | success=45, fail=0, remaining=167 | avg/job=103.3s | ETA=4:47:37 | Letzter: Job 45 cli.importiert_dateien_in_den_data_roh_ordner_fruehe -> en (OK, qwen3.8:27b-mlx, 61.8s)
[2026-09-29 08:47:16] Fortschritt: 46/212 (21.7%) | success=46, fail=0, remaining=166 | avg/job=106.1s | ETA=4:53:33, seit Start ~120s/Job | Letzter: Job 46 cli.importiert_dateien_in_den_data_roh_ordner_fruehe -> es (OK, qwen3.8:27b-mlx, 101.9s)
[2026-09-29 08:47:46] Fortschritt: 46/212 (21.7%) | success=46, fail=0, remaining=166 | avg/job=106.1s | ETA=4:53:33 | Letzter: Job 46 cli.importiert_dateien_in_den_data_roh_ordner_fruehe -> es (OK, qwen3.8:27b-mlx, 101.9s)
[2026-09-29 08:48:16] Fortschritt: 46/212 (21.7%) | success=46, fail=0, remaining=166 | avg/job=108.2s | ETA=4:59:19 | Letzter: Job 46 cli.importiert_dateien_in_den_data_roh_ordner_fruehe -> es (OK, qwen3.8:27b-mlx, 127.8s)
[2026-09-29 08:48:47] Fortschritt: 46/212 (21.7%) | success=46, fail=0, remaining=166 | avg/job=108.2s | ETA=4:59:19 | Letzter: Job 46 cli.importiert_dateien_in_den_data_roh_ordner_fruehe -> es (OK, qwen3.8:27b-mlx, 127.8s)
[2026-09-29 08:49:17] Fortschritt: 47/212 (22.2%) | success=47, fail=0, remaining=165 | avg/job=109.8s | ETA=5:02:04, seit Start ~121s/Job | Letzter: Job 47 cli.importiert_dateien_in_den_data_roh_ordner_fruehe -> ru (OK, qwen3.8:27b-mlx, 131.2s)
[2026-09-29 08:49:47] Fortschritt: 47/212 (22.2%) | success=47, fail=0, remaining=165 | avg/job=109.8s | ETA=5:02:04 | Letzter: Job 47 cli.importiert_dateien_in_den_data_roh_ordner_fruehe -> ru (OK, qwen3.8:27b-mlx, 131.2s)
[2026-09-29 08:50:17] Fortschritt: 47/212 (22.2%) | success=47, fail=0, remaining=165 | avg/job=110.8s | ETA=5:04:43 | Letzter: Job 47 cli.importiert_dateien_in_den_data_roh_ordner_fruehe -> ru (OK, qwen3.8:27b-mlx, 119.9s)
[2026-09-29 08:50:47] Fortschritt: 47/212 (22.2%) | success=47, fail=0, remaining=165 | avg/job=110.8s | ETA=5:04:43 | Letzter: Job 47 cli.importiert_dateien_in_den_data_roh_ordner_fruehe -> ru (OK, qwen3.8:27b-mlx, 119.9s)
[2026-09-29 08:51:17] Fortschritt: 48/212 (22.6%) | success=48, fail=0, remaining=164 | avg/job=112.4s | ETA=5:07:13, seit Start ~121s/Job | Letzter: Job 48 cli.importiert_dateien_in_den_data_roh_ordner_fruehe -> ja (OK, qwen3.8:27b-mlx, 120.7s)
[2026-09-29 08:51:47] Fortschritt: 48/212 (22.6%) | success=48, fail=0, remaining=164 | avg/job=112.4s | ETA=5:07:13 | Letzter: Job 48 cli.importiert_dateien_in_den_data_roh_ordner_fruehe -> ja (OK, qwen3.8:27b-mlx, 120.7s)
[2026-09-29 08:52:18] Fortschritt: 48/212 (22.6%) | success=48, fail=0, remaining=164 | avg/job=113.1s | ETA=5:09:16 | Letzter: Job 48 cli.importiert_dateien_in_den_data_roh_ordner_fruehe -> ja (OK, qwen3.8:27b-mlx, 132.4s)
[2026-09-29 08:52:48] Fortschritt: 48/212 (22.6%) | success=48, fail=0, remaining=164 | avg/job=113.1s | ETA=5:09:16 | Letzter: Job 48 cli.importiert_dateien_in_den_data_roh_ordner_fruehe -> ja (OK, qwen3.8:27b-mlx, 132.4s)
[2026-09-29 08:53:18] Fortschritt: 49/212 (23.1%) | success=49, fail=0, remaining=163 | avg/job=112.7s | ETA=5:06:06, seit Start ~121s/Job | Letzter: Job 49 cli.importiert_dateien_in_den_data_roh_ordner_fruehe -> zh (OK, qwen3.8:27b-mlx, 121.9s)
[2026-09-29 08:53:48] Fortschritt: 49/212 (23.1%) | success=49, fail=0, remaining=163 | avg/job=112.7s | ETA=5:06:06 | Letzter: Job 49 cli.importiert_dateien_in_den_data_roh_ordner_fruehe -> zh (OK, qwen3.8:27b-mlx, 121.9s)
[2026-09-29 08:54:18] Fortschritt: 49/212 (23.1%) | success=49, fail=0, remaining=163 | avg/job=115.2s | ETA=5:12:57 | Letzter: Job 49 cli.importiert_dateien_in_den_data_roh_ordner_fruehe -> zh (OK, qwen3.8:27b-mlx, 128.2s)
[2026-09-29 08:54:48] Fortschritt: 49/212 (23.1%) | success=49, fail=0, remaining=163 | avg/job=115.2s | ETA=5:12:57 | Letzter: Job 49 cli.importiert_dateien_in_den_data_roh_ordner_fruehe -> zh (OK, qwen3.8:27b-mlx, 128.2s)
[2026-09-29 08:55:19] Fortschritt: 50/212 (23.6%) | success=50, fail=0, remaining=162 | avg/job=110.3s | ETA=4:57:56, seit Start ~121s/Job | Letzter: Job 50 cli.importiert_und_erstellt_usmcclient_lazy_damit_ke -> es (OK, qwen3.8:27b-mlx, 116.9s)
[2026-09-29 08:55:49] Fortschritt: 50/212 (23.6%) | success=50, fail=0, remaining=162 | avg/job=110.3s | ETA=4:57:56 | Letzter: Job 50 cli.importiert_und_erstellt_usmcclient_lazy_damit_ke -> es (OK, qwen3.8:27b-mlx, 116.9s)
[2026-09-29 08:56:19] Fortschritt: 50/212 (23.6%) | success=50, fail=0, remaining=162 | avg/job=111.5s | ETA=5:01:09 | Letzter: Job 50 cli.importiert_und_erstellt_usmcclient_lazy_damit_ke -> es (OK, qwen3.8:27b-mlx, 95.9s)
[2026-09-29 08:56:49] Fortschritt: 51/212 (24.1%) | success=51, fail=0, remaining=161 | avg/job=109.6s | ETA=4:53:58, seit Start ~90s/Job | Letzter: Job 51 cli.importiert_und_erstellt_usmcclient_lazy_damit_ke -> ru (OK, qwen3.8:27b-mlx, 80.4s)
[2026-09-29 08:57:19] Fortschritt: 51/212 (24.1%) | success=51, fail=0, remaining=161 | avg/job=107.3s | ETA=4:47:52 | Letzter: Job 51 cli.importiert_und_erstellt_usmcclient_lazy_damit_ke -> ru (OK, qwen3.8:27b-mlx, 77.9s)
[2026-09-29 08:57:49] Fortschritt: 51/212 (24.1%) | success=51, fail=0, remaining=161 | avg/job=107.3s | ETA=4:47:52 | Letzter: Job 51 cli.importiert_und_erstellt_usmcclient_lazy_damit_ke -> ru (OK, qwen3.8:27b-mlx, 77.9s)
[2026-09-29 08:58:19] Fortschritt: 52/212 (24.5%) | success=52, fail=0, remaining=160 | avg/job=107.4s | ETA=4:46:27, seit Start ~90s/Job | Letzter: Job 52 cli.importiert_und_erstellt_usmcclient_lazy_damit_ke -> ja (OK, qwen3.8:27b-mlx, 85.5s)
[2026-09-29 08:58:49] Fortschritt: 52/212 (24.5%) | success=52, fail=0, remaining=160 | avg/job=104.4s | ETA=4:38:27 | Letzter: Job 52 cli.importiert_und_erstellt_usmcclient_lazy_damit_ke -> ja (OK, qwen3.8:27b-mlx, 75.0s)
[2026-09-29 08:59:19] Fortschritt: 52/212 (24.5%) | success=52, fail=0, remaining=160 | avg/job=104.4s | ETA=4:38:27 | Letzter: Job 52 cli.importiert_und_erstellt_usmcclient_lazy_damit_ke -> ja (OK, qwen3.8:27b-mlx, 75.0s)
[2026-09-29 08:59:50] Fortschritt: 53/212 (25.0%) | success=53, fail=0, remaining=159 | avg/job=103.9s | ETA=4:35:22, seit Start ~90s/Job | Letzter: Job 53 cli.importiert_und_erstellt_usmcclient_lazy_damit_ke -> zh (OK, qwen3.8:27b-mlx, 95.0s)
[2026-09-29 09:00:20] Fortschritt: 53/212 (25.0%) | success=53, fail=0, remaining=159 | avg/job=100.5s | ETA=4:26:26 | Letzter: Job 53 cli.importiert_und_erstellt_usmcclient_lazy_damit_ke -> zh (OK, qwen3.8:27b-mlx, 91.5s)
[2026-09-29 09:00:50] Fortschritt: 54/212 (25.5%) | success=54, fail=0, remaining=158 | avg/job=98.9s | ETA=4:20:32, seit Start ~60s/Job | Letzter: Job 54 cli.info_scanne_ordner_nach_sensiblen_daten_scan_f -> es (OK, qwen3.8:27b-mlx, 58.4s)
[2026-09-29 09:01:20] Fortschritt: 54/212 (25.5%) | success=54, fail=0, remaining=158 | avg/job=97.1s | ETA=4:15:45 | Letzter: Job 54 cli.info_scanne_ordner_nach_sensiblen_daten_scan_f -> es (OK, qwen3.8:27b-mlx, 60.9s)
[2026-09-29 09:01:50] Fortschritt: 54/212 (25.5%) | success=54, fail=0, remaining=158 | avg/job=97.1s | ETA=4:15:45 | Letzter: Job 54 cli.info_scanne_ordner_nach_sensiblen_daten_scan_f -> es (OK, qwen3.8:27b-mlx, 60.9s)
[2026-09-29 09:02:20] Fortschritt: 55/212 (25.9%) | success=55, fail=0, remaining=157 | avg/job=99.4s | ETA=4:20:07, seit Start ~90s/Job | Letzter: Job 55 cli.info_scanne_ordner_nach_sensiblen_daten_scan_f -> ja (OK, qwen3.8:27b-mlx, 82.4s)
[2026-09-29 09:02:50] Fortschritt: 55/212 (25.9%) | success=55, fail=0, remaining=157 | avg/job=100.1s | ETA=4:21:57 | Letzter: Job 55 cli.info_scanne_ordner_nach_sensiblen_daten_scan_f -> ja (OK, qwen3.8:27b-mlx, 91.7s)
[2026-09-29 09:03:21] Fortschritt: 56/212 (26.4%) | success=56, fail=0, remaining=156 | avg/job=97.3s | ETA=4:13:03, seit Start ~60s/Job | Letzter: Job 56 cli.info_scanne_ordner_nach_sensiblen_daten_scan_f -> zh (OK, qwen3.8:27b-mlx, 81.0s)
[2026-09-29 09:03:51] Fortschritt: 56/212 (26.4%) | success=56, fail=0, remaining=156 | avg/job=97.3s | ETA=4:13:03 | Letzter: Job 56 cli.info_scanne_ordner_nach_sensiblen_daten_scan_f -> zh (OK, qwen3.8:27b-mlx, 81.0s)
[2026-09-29 09:04:21] Fortschritt: 56/212 (26.4%) | success=56, fail=0, remaining=156 | avg/job=95.7s | ETA=4:08:54 | Letzter: Job 56 cli.info_scanne_ordner_nach_sensiblen_daten_scan_f -> zh (OK, qwen3.8:27b-mlx, 84.0s)
[2026-09-29 09:04:51] Fortschritt: 57/212 (26.9%) | success=57, fail=0, remaining=155 | avg/job=92.3s | ETA=3:58:33, seit Start ~90s/Job | Letzter: Job 57 cli.initialisiert_den_hook_args -> en (OK, qwen3.8:27b-mlx, 81.3s)
[2026-09-29 09:05:21] Fortschritt: 57/212 (26.9%) | success=57, fail=0, remaining=155 | avg/job=90.7s | ETA=3:54:19 | Letzter: Job 57 cli.initialisiert_den_hook_args -> en (OK, qwen3.8:27b-mlx, 69.7s)
[2026-09-29 09:05:51] Fortschritt: 57/212 (26.9%) | success=57, fail=0, remaining=155 | avg/job=90.7s | ETA=3:54:19 | Letzter: Job 57 cli.initialisiert_den_hook_args -> en (OK, qwen3.8:27b-mlx, 69.7s)
[2026-09-29 09:06:21] Fortschritt: 58/212 (27.4%) | success=58, fail=0, remaining=154 | avg/job=88.5s | ETA=3:47:08, seit Start ~90s/Job | Letzter: Job 58 cli.initialisiert_den_hook_args -> ja (OK, qwen3.8:27b-mlx, 82.3s)
[2026-09-29 09:06:52] Fortschritt: 58/212 (27.4%) | success=58, fail=0, remaining=154 | avg/job=86.4s | ETA=3:41:46 | Letzter: Job 58 cli.initialisiert_den_hook_args -> ja (OK, qwen3.8:27b-mlx, 89.3s)
[2026-09-29 09:07:22] Fortschritt: 58/212 (27.4%) | success=58, fail=0, remaining=154 | avg/job=86.4s | ETA=3:41:46 | Letzter: Job 58 cli.initialisiert_den_hook_args -> ja (OK, qwen3.8:27b-mlx, 89.3s)
[2026-09-29 09:07:52] Fortschritt: 59/212 (27.8%) | success=59, fail=0, remaining=153 | avg/job=85.1s | ETA=3:37:05, seit Start ~91s/Job | Letzter: Job 59 cli.initialisiert_den_hook_args -> zh (OK, qwen3.8:27b-mlx, 88.2s)
[2026-09-29 09:08:22] Fortschritt: 59/212 (27.8%) | success=59, fail=0, remaining=153 | avg/job=82.5s | ETA=3:30:25 | Letzter: Job 59 cli.initialisiert_den_hook_args -> zh (OK, qwen3.8:27b-mlx, 89.3s)
[2026-09-29 09:08:52] Fortschritt: 60/212 (28.3%) | success=60, fail=0, remaining=152 | avg/job=79.5s | ETA=3:21:21, seit Start ~60s/Job | Letzter: Job 60 cli.initialisiert_oder_syncht_die_secrets_datei -> zh (OK, qwen3.8:27b-mlx, 60.5s)
[2026-09-29 09:09:22] Fortschritt: 60/212 (28.3%) | success=60, fail=0, remaining=152 | avg/job=77.6s | ETA=3:16:38 | Letzter: Job 60 cli.initialisiert_oder_syncht_die_secrets_datei -> zh (OK, qwen3.8:27b-mlx, 47.0s)
[2026-09-29 09:09:52] Fortschritt: 61/212 (28.8%) | success=61, fail=0, remaining=151 | avg/job=77.0s | ETA=3:13:48, seit Start ~60s/Job | Letzter: Job 61 cli.keine_ordner_zuordnungen_gefunden -> zh (OK, qwen3.8:27b-mlx, 55.6s)
[2026-09-29 09:10:23] Fortschritt: 61/212 (28.8%) | success=61, fail=0, remaining=151 | avg/job=75.9s | ETA=3:10:58 | Letzter: Job 61 cli.keine_ordner_zuordnungen_gefunden -> zh (OK, qwen3.8:27b-mlx, 60.5s)
[2026-09-29 09:10:53] Fortschritt: 61/212 (28.8%) | success=61, fail=0, remaining=151 | avg/job=75.9s | ETA=3:10:58 | Letzter: Job 61 cli.keine_ordner_zuordnungen_gefunden -> zh (OK, qwen3.8:27b-mlx, 60.5s)
[2026-09-29 09:11:23] Fortschritt: 62/212 (29.2%) | success=62, fail=0, remaining=150 | avg/job=78.3s | ETA=3:15:43, seit Start ~90s/Job | Letzter: Job 62 cli.kernel_seal_handler_sq021 -> en (OK, qwen3.8:27b-mlx, 98.3s)
[2026-09-29 09:11:53] Fortschritt: 62/212 (29.2%) | success=62, fail=0, remaining=150 | avg/job=78.3s | ETA=3:15:43 | Letzter: Job 62 cli.kernel_seal_handler_sq021 -> en (OK, qwen3.8:27b-mlx, 98.3s)
[2026-09-29 09:12:23] Fortschritt: 62/212 (29.2%) | success=62, fail=0, remaining=150 | avg/job=82.6s | ETA=3:26:23 | Letzter: Job 62 cli.kernel_seal_handler_sq021 -> en (OK, qwen3.8:27b-mlx, 141.7s)
[2026-09-29 09:12:53] Fortschritt: 62/212 (29.2%) | success=62, fail=0, remaining=150 | avg/job=82.6s | ETA=3:26:23 | Letzter: Job 62 cli.kernel_seal_handler_sq021 -> en (OK, qwen3.8:27b-mlx, 141.7s)
[2026-09-29 09:13:23] Fortschritt: 62/212 (29.2%) | success=62, fail=0, remaining=150 | avg/job=82.6s | ETA=3:26:23 | Letzter: Job 62 cli.kernel_seal_handler_sq021 -> en (OK, qwen3.8:27b-mlx, 141.7s)
[2026-09-29 09:13:54] Fortschritt: 63/212 (29.7%) | success=63, fail=0, remaining=149 | avg/job=85.9s | ETA=3:33:19, seit Start ~151s/Job | Letzter: Job 63 cli.kernel_seal_handler_sq021 -> es (OK, qwen3.8:27b-mlx, 171.0s)
[2026-09-29 09:14:24] Fortschritt: 63/212 (29.7%) | success=63, fail=0, remaining=149 | avg/job=85.9s | ETA=3:33:19 | Letzter: Job 63 cli.kernel_seal_handler_sq021 -> es (OK, qwen3.8:27b-mlx, 171.0s)
[2026-09-29 09:14:54] Fortschritt: 63/212 (29.7%) | success=63, fail=0, remaining=149 | avg/job=85.9s | ETA=3:33:19 | Letzter: Job 63 cli.kernel_seal_handler_sq021 -> es (OK, qwen3.8:27b-mlx, 171.0s)
[2026-09-29 09:15:24] Fortschritt: 63/212 (29.7%) | success=63, fail=0, remaining=149 | avg/job=85.9s | ETA=3:33:19 | Letzter: Job 63 cli.kernel_seal_handler_sq021 -> es (OK, qwen3.8:27b-mlx, 171.0s)
[2026-09-29 09:15:54] Fortschritt: 63/212 (29.7%) | success=63, fail=0, remaining=149 | avg/job=85.9s | ETA=3:33:19 | Letzter: Job 63 cli.kernel_seal_handler_sq021 -> es (OK, qwen3.8:27b-mlx, 171.0s)
[2026-09-29 09:16:24] Fortschritt: 63/212 (29.7%) | success=63, fail=0, remaining=149 | avg/job=96.2s | ETA=3:58:59 | Letzter: Job 63 cli.kernel_seal_handler_sq021 -> es (OK, qwen3.8:27b-mlx, 228.3s)
[2026-09-29 09:16:54] Fortschritt: 63/212 (29.7%) | success=63, fail=0, remaining=149 | avg/job=96.2s | ETA=3:58:59 | Letzter: Job 63 cli.kernel_seal_handler_sq021 -> es (OK, qwen3.8:27b-mlx, 228.3s)
[2026-09-29 09:17:25] Fortschritt: 63/212 (29.7%) | success=63, fail=0, remaining=149 | avg/job=96.2s | ETA=3:58:59 | Letzter: Job 63 cli.kernel_seal_handler_sq021 -> es (OK, qwen3.8:27b-mlx, 228.3s)
[2026-09-29 09:17:55] Fortschritt: 64/212 (30.2%) | success=64, fail=0, remaining=148 | avg/job=102.9s | ETA=4:13:52, seit Start ~241s/Job | Letzter: Job 64 cli.kernel_seal_handler_sq021 -> ru (OK, qwen3.8:27b-mlx, 228.6s)
[2026-09-29 09:18:25] Fortschritt: 64/212 (30.2%) | success=64, fail=0, remaining=148 | avg/job=102.9s | ETA=4:13:52 | Letzter: Job 64 cli.kernel_seal_handler_sq021 -> ru (OK, qwen3.8:27b-mlx, 228.6s)
[2026-09-29 09:18:55] Fortschritt: 64/212 (30.2%) | success=64, fail=0, remaining=148 | avg/job=102.9s | ETA=4:13:52 | Letzter: Job 64 cli.kernel_seal_handler_sq021 -> ru (OK, qwen3.8:27b-mlx, 228.6s)
[2026-09-29 09:19:25] Fortschritt: 64/212 (30.2%) | success=64, fail=0, remaining=148 | avg/job=108.4s | ETA=4:27:16 | Letzter: Job 64 cli.kernel_seal_handler_sq021 -> ru (OK, qwen3.8:27b-mlx, 182.0s)
[2026-09-29 09:19:56] Fortschritt: 64/212 (30.2%) | success=64, fail=0, remaining=148 | avg/job=108.4s | ETA=4:27:16 | Letzter: Job 64 cli.kernel_seal_handler_sq021 -> ru (OK, qwen3.8:27b-mlx, 182.0s)
[2026-09-29 09:20:26] Fortschritt: 64/212 (30.2%) | success=64, fail=0, remaining=148 | avg/job=108.4s | ETA=4:27:16 | Letzter: Job 64 cli.kernel_seal_handler_sq021 -> ru (OK, qwen3.8:27b-mlx, 182.0s)
[2026-09-29 09:20:56] Fortschritt: 65/212 (30.7%) | success=65, fail=0, remaining=147 | avg/job=112.9s | ETA=4:36:29, seit Start ~181s/Job | Letzter: Job 65 cli.kernel_seal_handler_sq021 -> ja (OK, qwen3.8:27b-mlx, 181.7s)
[2026-09-29 09:21:26] Fortschritt: 65/212 (30.7%) | success=65, fail=0, remaining=147 | avg/job=112.9s | ETA=4:36:29 | Letzter: Job 65 cli.kernel_seal_handler_sq021 -> ja (OK, qwen3.8:27b-mlx, 181.7s)
[2026-09-29 09:21:56] Fortschritt: 65/212 (30.7%) | success=65, fail=0, remaining=147 | avg/job=112.9s | ETA=4:36:29 | Letzter: Job 65 cli.kernel_seal_handler_sq021 -> ja (OK, qwen3.8:27b-mlx, 181.7s)
[2026-09-29 09:22:26] Fortschritt: 65/212 (30.7%) | success=65, fail=0, remaining=147 | avg/job=112.9s | ETA=4:36:29 | Letzter: Job 65 cli.kernel_seal_handler_sq021 -> ja (OK, qwen3.8:27b-mlx, 181.7s)
[2026-09-29 09:22:57] Fortschritt: 65/212 (30.7%) | success=65, fail=0, remaining=147 | avg/job=119.3s | ETA=4:52:20 | Letzter: Job 65 cli.kernel_seal_handler_sq021 -> ja (OK, qwen3.8:27b-mlx, 201.4s)
[2026-09-29 09:23:27] Fortschritt: 65/212 (30.7%) | success=65, fail=0, remaining=147 | avg/job=119.3s | ETA=4:52:20 | Letzter: Job 65 cli.kernel_seal_handler_sq021 -> ja (OK, qwen3.8:27b-mlx, 201.4s)
[2026-09-29 09:23:57] Fortschritt: 65/212 (30.7%) | success=65, fail=0, remaining=147 | avg/job=119.3s | ETA=4:52:20 | Letzter: Job 65 cli.kernel_seal_handler_sq021 -> ja (OK, qwen3.8:27b-mlx, 201.4s)
[2026-09-29 09:24:27] Fortschritt: 66/212 (31.1%) | success=66, fail=0, remaining=146 | avg/job=125.3s | ETA=5:04:57, seit Start ~211s/Job | Letzter: Job 66 cli.kernel_seal_handler_sq021 -> zh (OK, qwen3.8:27b-mlx, 205.7s)
[2026-09-29 09:24:57] Fortschritt: 66/212 (31.1%) | success=66, fail=0, remaining=146 | avg/job=125.3s | ETA=5:04:57 | Letzter: Job 66 cli.kernel_seal_handler_sq021 -> zh (OK, qwen3.8:27b-mlx, 205.7s)
[2026-09-29 09:25:27] Fortschritt: 66/212 (31.1%) | success=66, fail=0, remaining=146 | avg/job=125.3s | ETA=5:04:57 | Letzter: Job 66 cli.kernel_seal_handler_sq021 -> zh (OK, qwen3.8:27b-mlx, 205.7s)
[2026-09-29 09:25:58] Fortschritt: 66/212 (31.1%) | success=66, fail=0, remaining=146 | avg/job=130.7s | ETA=5:18:02 | Letzter: Job 66 cli.kernel_seal_handler_sq021 -> zh (OK, qwen3.8:27b-mlx, 197.8s)
[2026-09-29 09:26:28] Fortschritt: 66/212 (31.1%) | success=66, fail=0, remaining=146 | avg/job=130.7s | ETA=5:18:02 | Letzter: Job 66 cli.kernel_seal_handler_sq021 -> zh (OK, qwen3.8:27b-mlx, 197.8s)
[2026-09-29 09:26:58] Fortschritt: 67/212 (31.6%) | success=67, fail=0, remaining=145 | avg/job=132.0s | ETA=5:18:53, seit Start ~151s/Job | Letzter: Job 67 cli.klienten_ordner_und_pipeline_status_auflisten -> ru (OK, qwen3.8:27b-mlx, 147.7s)
[2026-09-29 09:27:28] Fortschritt: 67/212 (31.6%) | success=67, fail=0, remaining=145 | avg/job=133.6s | ETA=5:22:54 | Letzter: Job 67 cli.klienten_ordner_und_pipeline_status_auflisten -> ru (OK, qwen3.8:27b-mlx, 98.8s)
[2026-09-29 09:27:58] Fortschritt: 68/212 (32.1%) | success=68, fail=0, remaining=144 | avg/job=130.8s | ETA=5:13:53, seit Start ~60s/Job | Letzter: Job 68 cli.klienten_ordner_und_pipeline_status_auflisten -> zh (OK, qwen3.8:27b-mlx, 70.6s)
[2026-09-29 09:28:28] Fortschritt: 68/212 (32.1%) | success=68, fail=0, remaining=144 | avg/job=130.5s | ETA=5:13:10 | Letzter: Job 68 cli.klienten_ordner_und_pipeline_status_auflisten -> zh (OK, qwen3.8:27b-mlx, 58.1s)
[2026-09-29 09:28:59] Fortschritt: 68/212 (32.1%) | success=68, fail=0, remaining=144 | avg/job=130.5s | ETA=5:13:10 | Letzter: Job 68 cli.klienten_ordner_und_pipeline_status_auflisten -> zh (OK, qwen3.8:27b-mlx, 58.1s)
[2026-09-29 09:29:29] Fortschritt: 69/212 (32.5%) | success=69, fail=0, remaining=143 | avg/job=129.7s | ETA=5:09:11, seit Start ~90s/Job | Letzter: Job 69 cli.konvertiert_pdf_seiten_zu_png_bildern_be -> en (OK, qwen3.8:27b-mlx, 77.6s)
[2026-09-29 09:29:59] Fortschritt: 69/212 (32.5%) | success=69, fail=0, remaining=143 | avg/job=128.3s | ETA=5:05:49 | Letzter: Job 69 cli.konvertiert_pdf_seiten_zu_png_bildern_be -> en (OK, qwen3.8:27b-mlx, 67.6s)
[2026-09-29 09:30:29] Fortschritt: 70/212 (33.0%) | success=70, fail=0, remaining=142 | avg/job=131.2s | ETA=5:10:31, seit Start ~60s/Job | Letzter: Job 70 cli.konvertiert_pdf_seiten_zu_png_bildern_be -> es (OK, qwen3.8:27b-mlx, 75.2s)
[2026-09-29 09:30:59] Fortschritt: 70/212 (33.0%) | success=70, fail=0, remaining=142 | avg/job=131.2s | ETA=5:10:31 | Letzter: Job 70 cli.konvertiert_pdf_seiten_zu_png_bildern_be -> es (OK, qwen3.8:27b-mlx, 75.2s)
[2026-09-29 09:31:29] Fortschritt: 70/212 (33.0%) | success=70, fail=0, remaining=142 | avg/job=134.1s | ETA=5:17:17 | Letzter: Job 70 cli.konvertiert_pdf_seiten_zu_png_bildern_be -> es (OK, qwen3.8:27b-mlx, 104.5s)
[2026-09-29 09:31:59] Fortschritt: 70/212 (33.0%) | success=70, fail=0, remaining=142 | avg/job=134.1s | ETA=5:17:17 | Letzter: Job 70 cli.konvertiert_pdf_seiten_zu_png_bildern_be -> es (OK, qwen3.8:27b-mlx, 104.5s)
[2026-09-29 09:32:29] Fortschritt: 71/212 (33.5%) | success=71, fail=0, remaining=141 | avg/job=137.2s | ETA=5:22:22, seit Start ~121s/Job | Letzter: Job 71 cli.konvertiert_pdf_seiten_zu_png_bildern_be -> ru (OK, qwen3.8:27b-mlx, 115.4s)
[2026-09-29 09:33:00] Fortschritt: 71/212 (33.5%) | success=71, fail=0, remaining=141 | avg/job=137.2s | ETA=5:22:22 | Letzter: Job 71 cli.konvertiert_pdf_seiten_zu_png_bildern_be -> ru (OK, qwen3.8:27b-mlx, 115.4s)
[2026-09-29 09:33:30] Fortschritt: 71/212 (33.5%) | success=71, fail=0, remaining=141 | avg/job=139.2s | ETA=5:27:09 | Letzter: Job 71 cli.konvertiert_pdf_seiten_zu_png_bildern_be -> ru (OK, qwen3.8:27b-mlx, 112.0s)
[2026-09-29 09:34:00] Fortschritt: 71/212 (33.5%) | success=71, fail=0, remaining=141 | avg/job=139.2s | ETA=5:27:09 | Letzter: Job 71 cli.konvertiert_pdf_seiten_zu_png_bildern_be -> ru (OK, qwen3.8:27b-mlx, 112.0s)
[2026-09-29 09:34:30] Fortschritt: 72/212 (34.0%) | success=72, fail=0, remaining=140 | avg/job=138.4s | ETA=5:23:01, seit Start ~121s/Job | Letzter: Job 72 cli.konvertiert_pdf_seiten_zu_png_bildern_be -> ja (OK, qwen3.8:27b-mlx, 110.9s)
[2026-09-29 09:35:00] Fortschritt: 72/212 (34.0%) | success=72, fail=0, remaining=140 | avg/job=138.4s | ETA=5:23:01 | Letzter: Job 72 cli.konvertiert_pdf_seiten_zu_png_bildern_be -> ja (OK, qwen3.8:27b-mlx, 110.9s)
[2026-09-29 09:35:30] Fortschritt: 72/212 (34.0%) | success=72, fail=0, remaining=140 | avg/job=137.0s | ETA=5:19:45 | Letzter: Job 72 cli.konvertiert_pdf_seiten_zu_png_bildern_be -> ja (OK, qwen3.8:27b-mlx, 120.0s)
[2026-09-29 09:36:01] Fortschritt: 73/212 (34.4%) | success=73, fail=0, remaining=139 | avg/job=130.5s | ETA=5:02:15, seit Start ~90s/Job | Letzter: Job 73 cli.l_dt_pfad_overrides_aus_der_kanonischen_db_des_akt -> en (OK, qwen3.8:27b-mlx, 91.4s)
[2026-09-29 09:36:31] Fortschritt: 73/212 (34.4%) | success=73, fail=0, remaining=139 | avg/job=120.0s | ETA=4:37:59 | Letzter: Job 73 cli.l_dt_pfad_overrides_aus_der_kanonischen_db_des_akt -> en (OK, qwen3.8:27b-mlx, 57.9s)
[2026-09-29 09:37:01] Fortschritt: 74/212 (34.9%) | success=74, fail=0, remaining=138 | avg/job=114.8s | ETA=4:24:01, seit Start ~60s/Job | Letzter: Job 74 cli.l_dt_pfad_overrides_aus_der_kanonischen_db_des_akt -> es (OK, qwen3.8:27b-mlx, 71.8s)
[2026-09-29 09:37:31] Fortschritt: 74/212 (34.9%) | success=74, fail=0, remaining=138 | avg/job=114.8s | ETA=4:24:01 | Letzter: Job 74 cli.l_dt_pfad_overrides_aus_der_kanonischen_db_des_akt -> es (OK, qwen3.8:27b-mlx, 71.8s)
[2026-09-29 09:38:01] Fortschritt: 74/212 (34.9%) | success=74, fail=0, remaining=138 | avg/job=114.8s | ETA=4:24:01 | Letzter: Job 74 cli.l_dt_pfad_overrides_aus_der_kanonischen_db_des_akt -> es (OK, qwen3.8:27b-mlx, 71.8s)
[2026-09-29 09:38:31] Fortschritt: 74/212 (34.9%) | success=74, fail=0, remaining=138 | avg/job=114.6s | ETA=4:23:34 | Letzter: Job 74 cli.l_dt_pfad_overrides_aus_der_kanonischen_db_des_akt -> es (OK, qwen3.8:27b-mlx, 128.1s)
[2026-09-29 09:39:02] Fortschritt: 74/212 (34.9%) | success=74, fail=0, remaining=138 | avg/job=114.6s | ETA=4:23:34 | Letzter: Job 74 cli.l_dt_pfad_overrides_aus_der_kanonischen_db_des_akt -> es (OK, qwen3.8:27b-mlx, 128.1s)
[2026-09-29 09:39:32] Fortschritt: 75/212 (35.4%) | success=75, fail=0, remaining=137 | avg/job=110.3s | ETA=4:11:47, seit Start ~151s/Job | Letzter: Job 75 cli.l_dt_pfad_overrides_aus_der_kanonischen_db_des_akt -> zh (OK, qwen3.8:27b-mlx, 136.5s)
[2026-09-29 09:40:02] Fortschritt: 75/212 (35.4%) | success=75, fail=0, remaining=137 | avg/job=110.3s | ETA=4:11:47 | Letzter: Job 75 cli.l_dt_pfad_overrides_aus_der_kanonischen_db_des_akt -> zh (OK, qwen3.8:27b-mlx, 136.5s)
[2026-09-29 09:40:32] Fortschritt: 75/212 (35.4%) | success=75, fail=0, remaining=137 | avg/job=104.9s | ETA=3:59:33 | Letzter: Job 75 cli.l_dt_pfad_overrides_aus_der_kanonischen_db_des_akt -> zh (OK, qwen3.8:27b-mlx, 104.5s)
[2026-09-29 09:41:02] Fortschritt: 76/212 (35.8%) | success=76, fail=0, remaining=136 | avg/job=99.1s | ETA=3:44:34, seit Start ~90s/Job | Letzter: Job 76 cli.liest_inhalte_sicher_aus_dem_anonymisierten_bundle -> en (OK, qwen3.8:27b-mlx, 93.8s)
[2026-09-29 09:41:32] Fortschritt: 76/212 (35.8%) | success=76, fail=0, remaining=136 | avg/job=92.8s | ETA=3:30:23 | Letzter: Job 76 cli.liest_inhalte_sicher_aus_dem_anonymisierten_bundle -> en (OK, qwen3.8:27b-mlx, 76.8s)
[2026-09-29 09:42:02] Fortschritt: 77/212 (36.3%) | success=77, fail=0, remaining=135 | avg/job=86.6s | ETA=3:14:48, seit Start ~60s/Job | Letzter: Job 77 cli.list_available_alle_verf_gbaren_pipeline_defi -> en (OK, qwen3.8:27b-mlx, 36.4s)
[2026-09-29 09:42:32] Fortschritt: 77/212 (36.3%) | success=77, fail=0, remaining=135 | avg/job=86.6s | ETA=3:14:48 | Letzter: Job 77 cli.list_available_alle_verf_gbaren_pipeline_defi -> en (OK, qwen3.8:27b-mlx, 36.4s)
[2026-09-29 09:43:03] Fortschritt: 78/212 (36.8%) | success=78, fail=0, remaining=134 | avg/job=86.8s | ETA=3:13:54, seit Start ~60s/Job | Letzter: Job 78 cli.list_available_alle_verf_gbaren_pipeline_defi -> es (OK, qwen3.8:27b-mlx, 60.5s)
[2026-09-29 09:43:33] Fortschritt: 79/212 (37.3%) | success=79, fail=0, remaining=133 | avg/job=85.0s | ETA=3:08:27, seit Start ~30s/Job | Letzter: Job 79 cli.list_available_alle_verf_gbaren_pipeline_defi -> zh (OK, qwen3.8:27b-mlx, 45.0s)
[2026-09-29 09:44:03] Fortschritt: 79/212 (37.3%) | success=79, fail=0, remaining=133 | avg/job=85.4s | ETA=3:09:24 | Letzter: Job 79 cli.list_available_alle_verf_gbaren_pipeline_defi -> zh (OK, qwen3.8:27b-mlx, 53.8s)
[2026-09-29 09:44:33] Fortschritt: 80/212 (37.7%) | success=80, fail=0, remaining=132 | avg/job=83.4s | ETA=3:03:27, seit Start ~60s/Job | Letzter: Job 80 cli.listet_alle_migrationen_mit_status -> ru (OK, qwen3.8:27b-mlx, 58.9s)
[2026-09-29 09:45:03] Fortschritt: 80/212 (37.7%) | success=80, fail=0, remaining=132 | avg/job=81.0s | ETA=2:58:09 | Letzter: Job 80 cli.listet_alle_migrationen_mit_status -> ru (OK, qwen3.8:27b-mlx, 59.9s)
[2026-09-29 09:45:33] Fortschritt: 80/212 (37.7%) | success=80, fail=0, remaining=132 | avg/job=81.0s | ETA=2:58:09 | Letzter: Job 80 cli.listet_alle_migrationen_mit_status -> ru (OK, qwen3.8:27b-mlx, 59.9s)
[2026-09-29 09:46:04] Fortschritt: 81/212 (38.2%) | success=81, fail=0, remaining=131 | avg/job=80.7s | ETA=2:56:13, seit Start ~90s/Job | Letzter: Job 81 cli.listet_alle_verf_gbaren_dateien_im_bundle_auf -> zh (OK, qwen3.8:27b-mlx, 88.6s)
[2026-09-29 09:46:34] Fortschritt: 81/212 (38.2%) | success=81, fail=0, remaining=131 | avg/job=80.7s | ETA=2:56:13 | Letzter: Job 81 cli.listet_alle_verf_gbaren_dateien_im_bundle_auf -> zh (OK, qwen3.8:27b-mlx, 88.6s)
[2026-09-29 09:47:04] Fortschritt: 81/212 (38.2%) | success=81, fail=0, remaining=131 | avg/job=81.3s | ETA=2:57:34 | Letzter: Job 81 cli.listet_alle_verf_gbaren_dateien_im_bundle_auf -> zh (OK, qwen3.8:27b-mlx, 115.5s)
[2026-09-29 09:47:34] Fortschritt: 81/212 (38.2%) | success=81, fail=0, remaining=131 | avg/job=81.3s | ETA=2:57:34 | Letzter: Job 81 cli.listet_alle_verf_gbaren_dateien_im_bundle_auf -> zh (OK, qwen3.8:27b-mlx, 115.5s)
[2026-09-29 09:48:04] Fortschritt: 82/212 (38.7%) | success=82, fail=0, remaining=130 | avg/job=80.9s | ETA=2:55:22, seit Start ~121s/Job | Letzter: Job 82 cli.listet_alle_verf_gbaren_pfade_auf_returns -> ru (OK, qwen3.8:27b-mlx, 113.2s)
[2026-09-29 09:48:34] Fortschritt: 82/212 (38.7%) | success=82, fail=0, remaining=130 | avg/job=79.9s | ETA=2:53:02 | Letzter: Job 82 cli.listet_alle_verf_gbaren_pfade_auf_returns -> ru (OK, qwen3.8:27b-mlx, 105.3s)
[2026-09-29 09:49:04] Fortschritt: 82/212 (38.7%) | success=82, fail=0, remaining=130 | avg/job=79.9s | ETA=2:53:02 | Letzter: Job 82 cli.listet_alle_verf_gbaren_pfade_auf_returns -> ru (OK, qwen3.8:27b-mlx, 105.3s)
[2026-09-29 09:49:35] Fortschritt: 83/212 (39.2%) | success=83, fail=0, remaining=129 | avg/job=80.5s | ETA=2:53:06, seit Start ~90s/Job | Letzter: Job 83 cli.listet_alle_verf_gbaren_pfade_auf_returns -> zh (OK, qwen3.8:27b-mlx, 87.1s)
[2026-09-29 09:50:05] Fortschritt: 83/212 (39.2%) | success=83, fail=0, remaining=129 | avg/job=82.8s | ETA=2:57:55 | Letzter: Job 83 cli.listet_alle_verf_gbaren_pfade_auf_returns -> zh (OK, qwen3.8:27b-mlx, 86.8s)
[2026-09-29 09:50:35] Fortschritt: 83/212 (39.2%) | success=83, fail=0, remaining=129 | avg/job=82.8s | ETA=2:57:55 | Letzter: Job 83 cli.listet_alle_verf_gbaren_pfade_auf_returns -> zh (OK, qwen3.8:27b-mlx, 86.8s)
[2026-09-29 09:51:05] Fortschritt: 84/212 (39.6%) | success=84, fail=0, remaining=128 | avg/job=83.3s | ETA=2:57:39, seit Start ~90s/Job | Letzter: Job 84 cli.listet_alle_verf_gbaren_pipeline_definitionen_auf -> zh (OK, qwen3.8:27b-mlx, 99.4s)
[2026-09-29 09:51:35] Fortschritt: 84/212 (39.6%) | success=84, fail=0, remaining=128 | avg/job=83.3s | ETA=2:57:39 | Letzter: Job 84 cli.listet_alle_verf_gbaren_pipeline_definitionen_auf -> zh (OK, qwen3.8:27b-mlx, 99.4s)
[2026-09-29 09:52:05] Fortschritt: 84/212 (39.6%) | success=84, fail=0, remaining=128 | avg/job=79.5s | ETA=2:49:40 | Letzter: Job 84 cli.listet_alle_verf_gbaren_pipeline_definitionen_auf -> zh (OK, qwen3.8:27b-mlx, 95.9s)
[2026-09-29 09:52:35] Fortschritt: 85/212 (40.1%) | success=85, fail=0, remaining=127 | avg/job=78.9s | ETA=2:46:55, seit Start ~90s/Job | Letzter: Job 85 cli.listet_verfuegbare_llmauto_chain_configs_auf -> es (OK, qwen3.8:27b-mlx, 92.4s)
[2026-09-29 09:53:06] Fortschritt: 85/212 (40.1%) | success=85, fail=0, remaining=127 | avg/job=78.9s | ETA=2:46:55 | Letzter: Job 85 cli.listet_verfuegbare_llmauto_chain_configs_auf -> es (OK, qwen3.8:27b-mlx, 92.4s)
[2026-09-29 09:53:36] Fortschritt: 85/212 (40.1%) | success=85, fail=0, remaining=127 | avg/job=78.6s | ETA=2:46:20 | Letzter: Job 85 cli.listet_verfuegbare_llmauto_chain_configs_auf -> es (OK, qwen3.8:27b-mlx, 95.1s)
[2026-09-29 09:54:06] Fortschritt: 86/212 (40.6%) | success=86, fail=0, remaining=126 | avg/job=76.0s | ETA=2:39:40, seit Start ~90s/Job | Letzter: Job 86 cli.listet_verfuegbare_profile -> es (OK, qwen3.8:27b-mlx, 51.3s)
[2026-09-29 09:54:36] Fortschritt: 86/212 (40.6%) | success=86, fail=0, remaining=126 | avg/job=76.0s | ETA=2:39:40 | Letzter: Job 86 cli.listet_verfuegbare_profile -> es (OK, qwen3.8:27b-mlx, 51.3s)
[2026-09-29 09:55:06] Fortschritt: 87/212 (41.0%) | success=87, fail=0, remaining=125 | avg/job=79.6s | ETA=2:45:49, seit Start ~60s/Job | Letzter: Job 87 cli.n_len_pipelines_verf_gbare_pipelines_n -> zh (OK, qwen3.8:27b-mlx, 74.4s)
[2026-09-29 09:55:36] Fortschritt: 87/212 (41.0%) | success=87, fail=0, remaining=125 | avg/job=81.4s | ETA=2:49:37 | Letzter: Job 87 cli.n_len_pipelines_verf_gbare_pipelines_n -> zh (OK, qwen3.8:27b-mlx, 90.2s)
[2026-09-29 09:56:06] Fortschritt: 88/212 (41.5%) | success=88, fail=0, remaining=124 | avg/job=79.3s | ETA=2:43:54, seit Start ~60s/Job | Letzter: Job 88 cli.n_warnung_einige_pfade_fehlen -> en (OK, qwen3.8:27b-mlx, 60.2s)
[2026-09-29 09:56:37] Fortschritt: 89/212 (42.0%) | success=89, fail=0, remaining=123 | avg/job=78.1s | ETA=2:40:11, seit Start ~30s/Job | Letzter: Job 89 cli.n_warnung_einige_pfade_fehlen -> es (OK, qwen3.8:27b-mlx, 33.3s)
[2026-09-29 09:57:07] Fortschritt: 89/212 (42.0%) | success=89, fail=0, remaining=123 | avg/job=77.4s | ETA=2:38:46 | Letzter: Job 89 cli.n_warnung_einige_pfade_fehlen -> es (OK, qwen3.8:27b-mlx, 41.8s)
[2026-09-29 09:57:37] Fortschritt: 90/212 (42.5%) | success=90, fail=0, remaining=122 | avg/job=78.4s | ETA=2:39:29, seit Start ~60s/Job | Letzter: Job 90 cli.n_warnung_einige_pfade_fehlen -> ja (OK, qwen3.8:27b-mlx, 61.9s)
[2026-09-29 09:58:07] Fortschritt: 90/212 (42.5%) | success=90, fail=0, remaining=122 | avg/job=79.0s | ETA=2:40:33 | Letzter: Job 90 cli.n_warnung_einige_pfade_fehlen -> ja (OK, qwen3.8:27b-mlx, 75.0s)
[2026-09-29 09:58:37] Fortschritt: 91/212 (42.9%) | success=91, fail=0, remaining=121 | avg/job=76.1s | ETA=2:33:26, seit Start ~60s/Job | Letzter: Job 91 cli.n_warnung_einige_pfade_fehlen -> zh (OK, qwen3.8:27b-mlx, 65.2s)
[2026-09-29 09:59:07] Fortschritt: 91/212 (42.9%) | success=91, fail=0, remaining=121 | avg/job=76.1s | ETA=2:33:26 | Letzter: Job 91 cli.n_warnung_einige_pfade_fehlen -> zh (OK, qwen3.8:27b-mlx, 65.2s)
[2026-09-29 09:59:38] Fortschritt: 91/212 (42.9%) | success=91, fail=0, remaining=121 | avg/job=74.5s | ETA=2:30:18 | Letzter: Job 91 cli.n_warnung_einige_pfade_fehlen -> zh (OK, qwen3.8:27b-mlx, 71.2s)
[2026-09-29 10:00:08] Fortschritt: 92/212 (43.4%) | success=92, fail=0, remaining=120 | avg/job=72.6s | ETA=2:25:07, seit Start ~91s/Job | Letzter: Job 92 cli.nverfuegbare_profile_dateien -> es (OK, qwen3.8:27b-mlx, 77.9s)
[2026-09-29 10:00:38] Fortschritt: 92/212 (43.4%) | success=92, fail=0, remaining=120 | avg/job=69.1s | ETA=2:18:15 | Letzter: Job 92 cli.nverfuegbare_profile_dateien -> es (OK, qwen3.8:27b-mlx, 51.2s)
[2026-09-29 10:01:08] Fortschritt: 93/212 (43.9%) | success=93, fail=0, remaining=119 | avg/job=70.6s | ETA=2:20:00, seit Start ~60s/Job | Letzter: Job 93 cli.parst_json_felder_rueckwaertskompatibel_und_faellt -> ja (OK, qwen3.8:27b-mlx, 67.4s)
[2026-09-29 10:01:38] Fortschritt: 93/212 (43.9%) | success=93, fail=0, remaining=119 | avg/job=70.6s | ETA=2:20:00 | Letzter: Job 93 cli.parst_json_felder_rueckwaertskompatibel_und_faellt -> ja (OK, qwen3.8:27b-mlx, 67.4s)
[2026-09-29 10:02:08] Fortschritt: 93/212 (43.9%) | success=93, fail=0, remaining=119 | avg/job=70.3s | ETA=2:19:27 | Letzter: Job 93 cli.parst_json_felder_rueckwaertskompatibel_und_faellt -> ja (OK, qwen3.8:27b-mlx, 98.7s)
[2026-09-29 10:02:38] Fortschritt: 94/212 (44.3%) | success=94, fail=0, remaining=118 | avg/job=68.7s | ETA=2:15:11, seit Start ~90s/Job | Letzter: Job 94 cli.parst_json_felder_rueckwaertskompatibel_und_faellt -> zh (OK, qwen3.8:27b-mlx, 80.9s)
[2026-09-29 10:03:08] Fortschritt: 94/212 (44.3%) | success=94, fail=0, remaining=118 | avg/job=67.5s | ETA=2:12:39 | Letzter: Job 94 cli.parst_json_felder_rueckwaertskompatibel_und_faellt -> zh (OK, qwen3.8:27b-mlx, 67.3s)
[2026-09-29 10:03:39] Fortschritt: 95/212 (44.8%) | success=95, fail=0, remaining=117 | avg/job=62.0s | ETA=2:00:57, seit Start ~60s/Job | Letzter: Job 95 cli.parst_url_und_gibt_markdown_zurueck_mit_chunking -> en (OK, qwen3.8:27b-mlx, 40.8s)
[2026-09-29 10:04:09] Fortschritt: 95/212 (44.8%) | success=95, fail=0, remaining=117 | avg/job=62.0s | ETA=2:00:57 | Letzter: Job 95 cli.parst_url_und_gibt_markdown_zurueck_mit_chunking -> en (OK, qwen3.8:27b-mlx, 40.8s)
[2026-09-29 10:04:39] Fortschritt: 96/212 (45.3%) | success=96, fail=0, remaining=116 | avg/job=63.9s | ETA=2:03:35, seit Start ~60s/Job | Letzter: Job 96 cli.parst_url_und_gibt_markdown_zurueck_mit_chunking -> es (OK, qwen3.8:27b-mlx, 62.5s)
[2026-09-29 10:05:09] Fortschritt: 96/212 (45.3%) | success=96, fail=0, remaining=116 | avg/job=64.9s | ETA=2:05:23 | Letzter: Job 96 cli.parst_url_und_gibt_markdown_zurueck_mit_chunking -> es (OK, qwen3.8:27b-mlx, 79.6s)
[2026-09-29 10:05:39] Fortschritt: 97/212 (45.8%) | success=97, fail=0, remaining=115 | avg/job=63.3s | ETA=2:01:25, seit Start ~60s/Job | Letzter: Job 97 cli.parst_url_und_gibt_markdown_zurueck_mit_chunking -> zh (OK, qwen3.8:27b-mlx, 68.7s)
[2026-09-29 10:06:09] Fortschritt: 97/212 (45.8%) | success=97, fail=0, remaining=115 | avg/job=62.0s | ETA=1:58:51 | Letzter: Job 97 cli.parst_url_und_gibt_markdown_zurueck_mit_chunking -> zh (OK, qwen3.8:27b-mlx, 61.8s)
[2026-09-29 10:06:39] Fortschritt: 98/212 (46.2%) | success=98, fail=0, remaining=114 | avg/job=63.5s | ETA=2:00:34, seit Start ~60s/Job | Letzter: Job 98 cli.pr_ft_ob_andere_pcs_aktiv_sind_innerhalb_5_min -> en (OK, qwen3.8:27b-mlx, 61.3s)
[2026-09-29 10:07:09] Fortschritt: 98/212 (46.2%) | success=98, fail=0, remaining=114 | avg/job=64.8s | ETA=2:03:04 | Letzter: Job 98 cli.pr_ft_ob_andere_pcs_aktiv_sind_innerhalb_5_min -> en (OK, qwen3.8:27b-mlx, 60.5s)
[2026-09-29 10:07:39] Fortschritt: 98/212 (46.2%) | success=98, fail=0, remaining=114 | avg/job=64.8s | ETA=2:03:04 | Letzter: Job 98 cli.pr_ft_ob_andere_pcs_aktiv_sind_innerhalb_5_min -> en (OK, qwen3.8:27b-mlx, 60.5s)
[2026-09-29 10:08:09] Fortschritt: 99/212 (46.7%) | success=99, fail=0, remaining=113 | avg/job=68.0s | ETA=2:07:59, seit Start ~90s/Job | Letzter: Job 99 cli.pr_ft_ob_andere_pcs_aktiv_sind_innerhalb_5_min -> es (OK, qwen3.8:27b-mlx, 78.3s)
[2026-09-29 10:08:40] Fortschritt: 99/212 (46.7%) | success=99, fail=0, remaining=113 | avg/job=68.0s | ETA=2:07:59 | Letzter: Job 99 cli.pr_ft_ob_andere_pcs_aktiv_sind_innerhalb_5_min -> es (OK, qwen3.8:27b-mlx, 78.3s)
[2026-09-29 10:09:10] Fortschritt: 99/212 (46.7%) | success=99, fail=0, remaining=113 | avg/job=70.6s | ETA=2:12:54 | Letzter: Job 99 cli.pr_ft_ob_andere_pcs_aktiv_sind_innerhalb_5_min -> es (OK, qwen3.8:27b-mlx, 99.7s)
[2026-09-29 10:09:40] Fortschritt: 100/212 (47.2%) | success=100, fail=0, remaining=112 | avg/job=70.7s | ETA=2:11:54, seit Start ~91s/Job | Letzter: Job 100 cli.pr_ft_ob_andere_pcs_aktiv_sind_innerhalb_5_min -> ru (OK, qwen3.8:27b-mlx, 88.9s)
[2026-09-29 10:10:10] Fortschritt: 100/212 (47.2%) | success=100, fail=0, remaining=112 | avg/job=71.0s | ETA=2:12:35 | Letzter: Job 100 cli.pr_ft_ob_andere_pcs_aktiv_sind_innerhalb_5_min -> ru (OK, qwen3.8:27b-mlx, 79.6s)
[2026-09-29 10:10:40] Fortschritt: 100/212 (47.2%) | success=100, fail=0, remaining=112 | avg/job=71.0s | ETA=2:12:35 | Letzter: Job 100 cli.pr_ft_ob_andere_pcs_aktiv_sind_innerhalb_5_min -> ru (OK, qwen3.8:27b-mlx, 79.6s)
[2026-09-29 10:11:10] Fortschritt: 101/212 (47.6%) | success=101, fail=0, remaining=111 | avg/job=74.0s | ETA=2:16:54, seit Start ~90s/Job | Letzter: Job 101 cli.pr_ft_ob_andere_pcs_aktiv_sind_innerhalb_5_min -> ja (OK, qwen3.8:27b-mlx, 98.6s)
[2026-09-29 10:11:41] Fortschritt: 101/212 (47.6%) | success=101, fail=0, remaining=111 | avg/job=74.0s | ETA=2:16:54 | Letzter: Job 101 cli.pr_ft_ob_andere_pcs_aktiv_sind_innerhalb_5_min -> ja (OK, qwen3.8:27b-mlx, 98.6s)
[2026-09-29 10:12:11] Fortschritt: 101/212 (47.6%) | success=101, fail=0, remaining=111 | avg/job=75.1s | ETA=2:19:00 | Letzter: Job 101 cli.pr_ft_ob_andere_pcs_aktiv_sind_innerhalb_5_min -> ja (OK, qwen3.8:27b-mlx, 112.3s)
[2026-09-29 10:12:41] Fortschritt: 102/212 (48.1%) | success=102, fail=0, remaining=110 | avg/job=76.1s | ETA=2:19:27, seit Start ~90s/Job | Letzter: Job 102 cli.pr_ft_ob_andere_pcs_aktiv_sind_innerhalb_5_min -> zh (OK, qwen3.8:27b-mlx, 98.6s)
[2026-09-29 10:13:11] Fortschritt: 102/212 (48.1%) | success=102, fail=0, remaining=110 | avg/job=76.1s | ETA=2:19:27 | Letzter: Job 102 cli.pr_ft_ob_andere_pcs_aktiv_sind_innerhalb_5_min -> zh (OK, qwen3.8:27b-mlx, 98.6s)
[2026-09-29 10:13:41] Fortschritt: 102/212 (48.1%) | success=102, fail=0, remaining=110 | avg/job=79.0s | ETA=2:24:46 | Letzter: Job 102 cli.pr_ft_ob_andere_pcs_aktiv_sind_innerhalb_5_min -> zh (OK, qwen3.8:27b-mlx, 89.4s)
[2026-09-29 10:14:11] Fortschritt: 102/212 (48.1%) | success=102, fail=0, remaining=110 | avg/job=79.0s | ETA=2:24:46 | Letzter: Job 102 cli.pr_ft_ob_andere_pcs_aktiv_sind_innerhalb_5_min -> zh (OK, qwen3.8:27b-mlx, 89.4s)
[2026-09-29 10:14:41] Fortschritt: 103/212 (48.6%) | success=103, fail=0, remaining=109 | avg/job=80.3s | ETA=2:25:48, seit Start ~120s/Job | Letzter: Job 103 cli.pr_ft_ob_der_token_verbrauch_3x_budget_ist -> es (OK, qwen3.8:27b-mlx, 109.3s)
[2026-09-29 10:15:11] Fortschritt: 103/212 (48.6%) | success=103, fail=0, remaining=109 | avg/job=80.3s | ETA=2:25:48 | Letzter: Job 103 cli.pr_ft_ob_der_token_verbrauch_3x_budget_ist -> es (OK, qwen3.8:27b-mlx, 109.3s)
[2026-09-29 10:15:42] Fortschritt: 103/212 (48.6%) | success=103, fail=0, remaining=109 | avg/job=81.0s | ETA=2:27:07 | Letzter: Job 103 cli.pr_ft_ob_der_token_verbrauch_3x_budget_ist -> es (OK, qwen3.8:27b-mlx, 118.9s)
[2026-09-29 10:16:12] Fortschritt: 104/212 (49.1%) | success=104, fail=0, remaining=108 | avg/job=81.7s | ETA=2:27:06, seit Start ~90s/Job | Letzter: Job 104 cli.pr_ft_ob_der_token_verbrauch_3x_budget_ist -> ru (OK, qwen3.8:27b-mlx, 95.5s)
[2026-09-29 10:16:42] Fortschritt: 104/212 (49.1%) | success=104, fail=0, remaining=108 | avg/job=81.7s | ETA=2:27:06 | Letzter: Job 104 cli.pr_ft_ob_der_token_verbrauch_3x_budget_ist -> ru (OK, qwen3.8:27b-mlx, 95.5s)
[2026-09-29 10:17:12] Fortschritt: 104/212 (49.1%) | success=104, fail=0, remaining=108 | avg/job=82.9s | ETA=2:29:17 | Letzter: Job 104 cli.pr_ft_ob_der_token_verbrauch_3x_budget_ist -> ru (OK, qwen3.8:27b-mlx, 86.8s)
[2026-09-29 10:17:42] Fortschritt: 104/212 (49.1%) | success=104, fail=0, remaining=108 | avg/job=82.9s | ETA=2:29:17 | Letzter: Job 104 cli.pr_ft_ob_der_token_verbrauch_3x_budget_ist -> ru (OK, qwen3.8:27b-mlx, 86.8s)
[2026-09-29 10:18:12] Fortschritt: 105/212 (49.5%) | success=105, fail=0, remaining=107 | avg/job=88.1s | ETA=2:37:07, seit Start ~120s/Job | Letzter: Job 105 cli.pr_ft_ob_der_token_verbrauch_3x_budget_ist -> ja (OK, qwen3.8:27b-mlx, 119.5s)
[2026-09-29 10:18:42] Fortschritt: 105/212 (49.5%) | success=105, fail=0, remaining=107 | avg/job=88.1s | ETA=2:37:07 | Letzter: Job 105 cli.pr_ft_ob_der_token_verbrauch_3x_budget_ist -> ja (OK, qwen3.8:27b-mlx, 119.5s)
[2026-09-29 10:19:12] Fortschritt: 105/212 (49.5%) | success=105, fail=0, remaining=107 | avg/job=91.8s | ETA=2:43:40 | Letzter: Job 105 cli.pr_ft_ob_der_token_verbrauch_3x_budget_ist -> ja (OK, qwen3.8:27b-mlx, 129.2s)
[2026-09-29 10:19:43] Fortschritt: 105/212 (49.5%) | success=105, fail=0, remaining=107 | avg/job=91.8s | ETA=2:43:40 | Letzter: Job 105 cli.pr_ft_ob_der_token_verbrauch_3x_budget_ist -> ja (OK, qwen3.8:27b-mlx, 129.2s)
[2026-09-29 10:20:13] Fortschritt: 106/212 (50.0%) | success=106, fail=0, remaining=106 | avg/job=92.0s | ETA=2:42:28, seit Start ~121s/Job | Letzter: Job 106 cli.pr_ft_ob_der_token_verbrauch_3x_budget_ist -> zh (OK, qwen3.8:27b-mlx, 101.2s)
[2026-09-29 10:20:43] Fortschritt: 106/212 (50.0%) | success=106, fail=0, remaining=106 | avg/job=93.1s | ETA=2:44:32 | Letzter: Job 106 cli.pr_ft_ob_der_token_verbrauch_3x_budget_ist -> zh (OK, qwen3.8:27b-mlx, 93.2s)
[2026-09-29 10:21:13] Fortschritt: 106/212 (50.0%) | success=106, fail=0, remaining=106 | avg/job=93.1s | ETA=2:44:32 | Letzter: Job 106 cli.pr_ft_ob_der_token_verbrauch_3x_budget_ist -> zh (OK, qwen3.8:27b-mlx, 93.2s)
[2026-09-29 10:21:43] Fortschritt: 107/212 (50.5%) | success=107, fail=0, remaining=105 | avg/job=93.9s | ETA=2:44:21, seit Start ~90s/Job | Letzter: Job 107 cli.pr_ft_ob_ein_zu_m_chtiges_modell_f_r_einen_einfach -> en (OK, qwen3.8:27b-mlx, 69.6s)
[2026-09-29 10:22:13] Fortschritt: 107/212 (50.5%) | success=107, fail=0, remaining=105 | avg/job=93.9s | ETA=2:44:21 | Letzter: Job 107 cli.pr_ft_ob_ein_zu_m_chtiges_modell_f_r_einen_einfach -> en (OK, qwen3.8:27b-mlx, 69.6s)
[2026-09-29 10:22:43] Fortschritt: 107/212 (50.5%) | success=107, fail=0, remaining=105 | avg/job=93.9s | ETA=2:44:21 | Letzter: Job 107 cli.pr_ft_ob_ein_zu_m_chtiges_modell_f_r_einen_einfach -> en (OK, qwen3.8:27b-mlx, 69.6s)
[2026-09-29 10:23:14] Fortschritt: 108/212 (50.9%) | success=108, fail=0, remaining=104 | avg/job=97.3s | ETA=2:48:43, seit Start ~91s/Job | Letzter: Job 108 cli.pr_ft_ob_ein_zu_m_chtiges_modell_f_r_einen_einfach -> es (OK, qwen3.8:27b-mlx, 92.1s)
[2026-09-29 10:23:44] Fortschritt: 108/212 (50.9%) | success=108, fail=0, remaining=104 | avg/job=97.3s | ETA=2:48:43 | Letzter: Job 108 cli.pr_ft_ob_ein_zu_m_chtiges_modell_f_r_einen_einfach -> es (OK, qwen3.8:27b-mlx, 92.1s)
[2026-09-29 10:24:14] Fortschritt: 108/212 (50.9%) | success=108, fail=0, remaining=104 | avg/job=101.1s | ETA=2:55:14 | Letzter: Job 108 cli.pr_ft_ob_ein_zu_m_chtiges_modell_f_r_einen_einfach -> es (OK, qwen3.8:27b-mlx, 132.3s)
[2026-09-29 10:24:44] Fortschritt: 108/212 (50.9%) | success=108, fail=0, remaining=104 | avg/job=101.1s | ETA=2:55:14 | Letzter: Job 108 cli.pr_ft_ob_ein_zu_m_chtiges_modell_f_r_einen_einfach -> es (OK, qwen3.8:27b-mlx, 132.3s)
[2026-09-29 10:25:14] Fortschritt: 108/212 (50.9%) | success=108, fail=0, remaining=104 | avg/job=101.1s | ETA=2:55:14 | Letzter: Job 108 cli.pr_ft_ob_ein_zu_m_chtiges_modell_f_r_einen_einfach -> es (OK, qwen3.8:27b-mlx, 132.3s)
[2026-09-29 10:25:44] Fortschritt: 109/212 (51.4%) | success=109, fail=0, remaining=103 | avg/job=105.4s | ETA=3:00:53, seit Start ~151s/Job | Letzter: Job 109 cli.pr_ft_ob_ein_zu_m_chtiges_modell_f_r_einen_einfach -> ru (OK, qwen3.8:27b-mlx, 158.6s)
[2026-09-29 10:26:15] Fortschritt: 109/212 (51.4%) | success=109, fail=0, remaining=103 | avg/job=105.4s | ETA=3:00:53 | Letzter: Job 109 cli.pr_ft_ob_ein_zu_m_chtiges_modell_f_r_einen_einfach -> ru (OK, qwen3.8:27b-mlx, 158.6s)
[2026-09-29 10:26:45] Fortschritt: 109/212 (51.4%) | success=109, fail=0, remaining=103 | avg/job=107.4s | ETA=3:04:17 | Letzter: Job 109 cli.pr_ft_ob_ein_zu_m_chtiges_modell_f_r_einen_einfach -> ru (OK, qwen3.8:27b-mlx, 162.2s)
[2026-09-29 10:27:15] Fortschritt: 109/212 (51.4%) | success=109, fail=0, remaining=103 | avg/job=107.4s | ETA=3:04:17 | Letzter: Job 109 cli.pr_ft_ob_ein_zu_m_chtiges_modell_f_r_einen_einfach -> ru (OK, qwen3.8:27b-mlx, 162.2s)
[2026-09-29 10:27:45] Fortschritt: 109/212 (51.4%) | success=109, fail=0, remaining=103 | avg/job=107.4s | ETA=3:04:17 | Letzter: Job 109 cli.pr_ft_ob_ein_zu_m_chtiges_modell_f_r_einen_einfach -> ru (OK, qwen3.8:27b-mlx, 162.2s)
[2026-09-29 10:28:15] Fortschritt: 110/212 (51.9%) | success=110, fail=0, remaining=102 | avg/job=110.9s | ETA=3:08:29, seit Start ~151s/Job | Letzter: Job 110 cli.pr_ft_ob_ein_zu_m_chtiges_modell_f_r_einen_einfach -> zh (OK, qwen3.8:27b-mlx, 144.0s)
[2026-09-29 10:28:45] Fortschritt: 110/212 (51.9%) | success=110, fail=0, remaining=102 | avg/job=110.9s | ETA=3:08:29 | Letzter: Job 110 cli.pr_ft_ob_ein_zu_m_chtiges_modell_f_r_einen_einfach -> zh (OK, qwen3.8:27b-mlx, 144.0s)
[2026-09-29 10:29:15] Fortschritt: 110/212 (51.9%) | success=110, fail=0, remaining=102 | avg/job=113.8s | ETA=3:13:32 | Letzter: Job 110 cli.pr_ft_ob_ein_zu_m_chtiges_modell_f_r_einen_einfach -> zh (OK, qwen3.8:27b-mlx, 144.5s)
[2026-09-29 10:29:46] Fortschritt: 111/212 (52.4%) | success=111, fail=0, remaining=101 | avg/job=106.8s | ETA=2:59:51, seit Start ~90s/Job | Letzter: Job 111 cli.pr_ft_ob_provider_verf_gbar_ist_circuit_nicht_ope -> en (OK, qwen3.8:27b-mlx, 42.4s)
[2026-09-29 10:30:16] Fortschritt: 111/212 (52.4%) | success=111, fail=0, remaining=101 | avg/job=106.8s | ETA=2:59:51 | Letzter: Job 111 cli.pr_ft_ob_provider_verf_gbar_ist_circuit_nicht_ope -> en (OK, qwen3.8:27b-mlx, 42.4s)
[2026-09-29 10:30:46] Fortschritt: 112/212 (52.8%) | success=112, fail=0, remaining=100 | avg/job=106.6s | ETA=2:57:36, seit Start ~60s/Job | Letzter: Job 112 cli.pr_ft_ob_provider_verf_gbar_ist_circuit_nicht_ope -> es (OK, qwen3.8:27b-mlx, 65.0s)
[2026-09-29 10:31:16] Fortschritt: 112/212 (52.8%) | success=112, fail=0, remaining=100 | avg/job=106.6s | ETA=2:57:36 | Letzter: Job 112 cli.pr_ft_ob_provider_verf_gbar_ist_circuit_nicht_ope -> es (OK, qwen3.8:27b-mlx, 65.0s)
[2026-09-29 10:31:46] Fortschritt: 112/212 (52.8%) | success=112, fail=0, remaining=100 | avg/job=107.3s | ETA=2:58:54 | Letzter: Job 112 cli.pr_ft_ob_provider_verf_gbar_ist_circuit_nicht_ope -> es (OK, qwen3.8:27b-mlx, 94.4s)
[2026-09-29 10:32:17] Fortschritt: 113/212 (53.3%) | success=113, fail=0, remaining=99 | avg/job=105.1s | ETA=2:53:20, seit Start ~91s/Job | Letzter: Job 113 cli.pr_ft_ob_provider_verf_gbar_ist_circuit_nicht_ope -> ru (OK, qwen3.8:27b-mlx, 94.2s)
[2026-09-29 10:32:47] Fortschritt: 113/212 (53.3%) | success=113, fail=0, remaining=99 | avg/job=104.0s | ETA=2:51:36 | Letzter: Job 113 cli.pr_ft_ob_provider_verf_gbar_ist_circuit_nicht_ope -> ru (OK, qwen3.8:27b-mlx, 85.5s)
[2026-09-29 10:33:17] Fortschritt: 113/212 (53.3%) | success=113, fail=0, remaining=99 | avg/job=104.0s | ETA=2:51:36 | Letzter: Job 113 cli.pr_ft_ob_provider_verf_gbar_ist_circuit_nicht_ope -> ru (OK, qwen3.8:27b-mlx, 85.5s)
[2026-09-29 10:33:47] Fortschritt: 114/212 (53.8%) | success=114, fail=0, remaining=98 | avg/job=104.9s | ETA=2:51:15, seit Start ~90s/Job | Letzter: Job 114 cli.pr_ft_ob_provider_verf_gbar_ist_circuit_nicht_ope -> ja (OK, qwen3.8:27b-mlx, 93.4s)
[2026-09-29 10:34:17] Fortschritt: 114/212 (53.8%) | success=114, fail=0, remaining=98 | avg/job=104.9s | ETA=2:51:15 | Letzter: Job 114 cli.pr_ft_ob_provider_verf_gbar_ist_circuit_nicht_ope -> ja (OK, qwen3.8:27b-mlx, 93.4s)
[2026-09-29 10:34:47] Fortschritt: 114/212 (53.8%) | success=114, fail=0, remaining=98 | avg/job=105.0s | ETA=2:51:30 | Letzter: Job 114 cli.pr_ft_ob_provider_verf_gbar_ist_circuit_nicht_ope -> ja (OK, qwen3.8:27b-mlx, 96.8s)
[2026-09-29 10:35:17] Fortschritt: 115/212 (54.2%) | success=115, fail=0, remaining=97 | avg/job=101.5s | ETA=2:44:09, seit Start ~90s/Job | Letzter: Job 115 cli.pr_ft_ob_provider_verf_gbar_ist_circuit_nicht_ope -> zh (OK, qwen3.8:27b-mlx, 86.4s)
[2026-09-29 10:35:48] Fortschritt: 115/212 (54.2%) | success=115, fail=0, remaining=97 | avg/job=99.0s | ETA=2:40:04 | Letzter: Job 115 cli.pr_ft_ob_provider_verf_gbar_ist_circuit_nicht_ope -> zh (OK, qwen3.8:27b-mlx, 69.3s)
[2026-09-29 10:36:18] Fortschritt: 116/212 (54.7%) | success=116, fail=0, remaining=96 | avg/job=97.9s | ETA=2:36:33, seit Start ~60s/Job | Letzter: Job 116 cli.prueft_auf_neue_events_gibt_liste_von_watchereven -> ja (OK, qwen3.8:27b-mlx, 64.3s)
[2026-09-29 10:36:48] Fortschritt: 116/212 (54.7%) | success=116, fail=0, remaining=96 | avg/job=96.8s | ETA=2:34:50 | Letzter: Job 116 cli.prueft_auf_neue_events_gibt_liste_von_watchereven -> ja (OK, qwen3.8:27b-mlx, 70.7s)
[2026-09-29 10:37:18] Fortschritt: 116/212 (54.7%) | success=116, fail=0, remaining=96 | avg/job=96.8s | ETA=2:34:50 | Letzter: Job 116 cli.prueft_auf_neue_events_gibt_liste_von_watchereven -> ja (OK, qwen3.8:27b-mlx, 70.7s)
[2026-09-29 10:37:48] Fortschritt: 117/212 (55.2%) | success=117, fail=0, remaining=95 | avg/job=96.9s | ETA=2:33:29, seit Start ~90s/Job | Letzter: Job 117 cli.prueft_auf_neue_events_gibt_liste_von_watchereven -> zh (OK, qwen3.8:27b-mlx, 82.3s)
[2026-09-29 10:38:18] Fortschritt: 117/212 (55.2%) | success=117, fail=0, remaining=95 | avg/job=97.8s | ETA=2:34:47 | Letzter: Job 117 cli.prueft_auf_neue_events_gibt_liste_von_watchereven -> zh (OK, qwen3.8:27b-mlx, 79.5s)
[2026-09-29 10:38:49] Fortschritt: 117/212 (55.2%) | success=117, fail=0, remaining=95 | avg/job=97.8s | ETA=2:34:47 | Letzter: Job 117 cli.prueft_auf_neue_events_gibt_liste_von_watchereven -> zh (OK, qwen3.8:27b-mlx, 79.5s)
[2026-09-29 10:39:19] Fortschritt: 117/212 (55.2%) | success=117, fail=0, remaining=95 | avg/job=97.8s | ETA=2:34:47 | Letzter: Job 117 cli.prueft_auf_neue_events_gibt_liste_von_watchereven -> zh (OK, qwen3.8:27b-mlx, 79.5s)
[2026-09-29 10:39:49] Fortschritt: 118/212 (55.7%) | success=118, fail=0, remaining=94 | avg/job=98.7s | ETA=2:34:33, seit Start ~121s/Job | Letzter: Job 118 cli.prueft_laufende_stale_pid_dateien_und_bereinigt_al -> ru (OK, qwen3.8:27b-mlx, 109.3s)
[2026-09-29 10:40:19] Fortschritt: 118/212 (55.7%) | success=118, fail=0, remaining=94 | avg/job=97.7s | ETA=2:33:03 | Letzter: Job 118 cli.prueft_laufende_stale_pid_dateien_und_bereinigt_al -> ru (OK, qwen3.8:27b-mlx, 131.7s)
[2026-09-29 10:40:49] Fortschritt: 118/212 (55.7%) | success=118, fail=0, remaining=94 | avg/job=97.7s | ETA=2:33:03 | Letzter: Job 118 cli.prueft_laufende_stale_pid_dateien_und_bereinigt_al -> ru (OK, qwen3.8:27b-mlx, 131.7s)
[2026-09-29 10:41:19] Fortschritt: 119/212 (56.1%) | success=119, fail=0, remaining=93 | avg/job=87.8s | ETA=2:16:03, seit Start ~90s/Job | Letzter: Job 119 cli.prueft_ob_genug_zeit_seit_dem_letzten_start_vergan -> zh (OK, qwen3.8:27b-mlx, 63.0s)
[2026-09-29 10:41:49] Fortschritt: 119/212 (56.1%) | success=119, fail=0, remaining=93 | avg/job=87.8s | ETA=2:16:03 | Letzter: Job 119 cli.prueft_ob_genug_zeit_seit_dem_letzten_start_vergan -> zh (OK, qwen3.8:27b-mlx, 63.0s)
[2026-09-29 10:42:20] Fortschritt: 120/212 (56.6%) | success=120, fail=0, remaining=92 | avg/job=78.5s | ETA=2:00:18, seit Start ~60s/Job | Letzter: Job 120 cli.quelltexte_aus_klienten_ordner_extrahieren -> en (OK, qwen3.8:27b-mlx, 51.4s)
[2026-09-29 10:42:50] Fortschritt: 121/212 (57.1%) | success=121, fail=0, remaining=91 | avg/job=79.0s | ETA=1:59:45, seit Start ~30s/Job | Letzter: Job 121 cli.quelltexte_aus_klienten_ordner_extrahieren -> ja (OK, qwen3.8:27b-mlx, 41.4s)
[2026-09-29 10:43:20] Fortschritt: 121/212 (57.1%) | success=121, fail=0, remaining=91 | avg/job=79.9s | ETA=2:01:08 | Letzter: Job 121 cli.quelltexte_aus_klienten_ordner_extrahieren -> ja (OK, qwen3.8:27b-mlx, 56.5s)
[2026-09-29 10:43:50] Fortschritt: 122/212 (57.5%) | success=122, fail=0, remaining=90 | avg/job=78.0s | ETA=1:56:56, seit Start ~60s/Job | Letzter: Job 122 cli.quelltexte_aus_klienten_ordner_extrahieren -> zh (OK, qwen3.8:27b-mlx, 54.9s)
[2026-09-29 10:44:20] Fortschritt: 122/212 (57.5%) | success=122, fail=0, remaining=90 | avg/job=75.7s | ETA=1:53:36 | Letzter: Job 122 cli.quelltexte_aus_klienten_ordner_extrahieren -> zh (OK, qwen3.8:27b-mlx, 53.0s)
[2026-09-29 10:44:50] Fortschritt: 122/212 (57.5%) | success=122, fail=0, remaining=90 | avg/job=75.7s | ETA=1:53:36 | Letzter: Job 122 cli.quelltexte_aus_klienten_ordner_extrahieren -> zh (OK, qwen3.8:27b-mlx, 53.0s)
[2026-09-29 10:45:21] Fortschritt: 123/212 (58.0%) | success=123, fail=0, remaining=89 | avg/job=77.6s | ETA=1:55:05, seit Start ~90s/Job | Letzter: Job 123 cli.rate_sprechgeschwindigkeit_standard_170_schnel -> es (OK, qwen3.8:27b-mlx, 90.5s)
[2026-09-29 10:45:51] Fortschritt: 123/212 (58.0%) | success=123, fail=0, remaining=89 | avg/job=77.6s | ETA=1:55:05 | Letzter: Job 123 cli.rate_sprechgeschwindigkeit_standard_170_schnel -> es (OK, qwen3.8:27b-mlx, 90.5s)
[2026-09-29 10:46:21] Fortschritt: 123/212 (58.0%) | success=123, fail=0, remaining=89 | avg/job=79.8s | ETA=1:58:22 | Letzter: Job 123 cli.rate_sprechgeschwindigkeit_standard_170_schnel -> es (OK, qwen3.8:27b-mlx, 126.1s)
[2026-09-29 10:46:51] Fortschritt: 123/212 (58.0%) | success=123, fail=0, remaining=89 | avg/job=79.8s | ETA=1:58:22 | Letzter: Job 123 cli.rate_sprechgeschwindigkeit_standard_170_schnel -> es (OK, qwen3.8:27b-mlx, 126.1s)
[2026-09-29 10:47:21] Fortschritt: 124/212 (58.5%) | success=124, fail=0, remaining=88 | avg/job=81.2s | ETA=1:59:04, seit Start ~121s/Job | Letzter: Job 124 cli.rate_sprechgeschwindigkeit_standard_170_schnel -> ru (OK, qwen3.8:27b-mlx, 129.3s)
[2026-09-29 10:47:51] Fortschritt: 124/212 (58.5%) | success=124, fail=0, remaining=88 | avg/job=81.2s | ETA=1:59:04 | Letzter: Job 124 cli.rate_sprechgeschwindigkeit_standard_170_schnel -> ru (OK, qwen3.8:27b-mlx, 129.3s)
[2026-09-29 10:48:21] Fortschritt: 124/212 (58.5%) | success=124, fail=0, remaining=88 | avg/job=81.2s | ETA=1:59:04 | Letzter: Job 124 cli.rate_sprechgeschwindigkeit_standard_170_schnel -> ru (OK, qwen3.8:27b-mlx, 129.3s)
[2026-09-29 10:48:52] Fortschritt: 124/212 (58.5%) | success=124, fail=0, remaining=88 | avg/job=84.3s | ETA=2:03:36 | Letzter: Job 124 cli.rate_sprechgeschwindigkeit_standard_170_schnel -> ru (OK, qwen3.8:27b-mlx, 141.5s)
[2026-09-29 10:49:22] Fortschritt: 124/212 (58.5%) | success=124, fail=0, remaining=88 | avg/job=84.3s | ETA=2:03:36 | Letzter: Job 124 cli.rate_sprechgeschwindigkeit_standard_170_schnel -> ru (OK, qwen3.8:27b-mlx, 141.5s)
[2026-09-29 10:49:52] Fortschritt: 124/212 (58.5%) | success=124, fail=0, remaining=88 | avg/job=84.3s | ETA=2:03:36 | Letzter: Job 124 cli.rate_sprechgeschwindigkeit_standard_170_schnel -> ru (OK, qwen3.8:27b-mlx, 141.5s)
[2026-09-29 10:50:22] Fortschritt: 125/212 (59.0%) | success=125, fail=0, remaining=87 | avg/job=89.5s | ETA=2:09:45, seit Start ~181s/Job | Letzter: Job 125 cli.rate_sprechgeschwindigkeit_standard_170_schnel -> ja (OK, qwen3.8:27b-mlx, 169.5s)
[2026-09-29 10:50:52] Fortschritt: 125/212 (59.0%) | success=125, fail=0, remaining=87 | avg/job=89.5s | ETA=2:09:45 | Letzter: Job 125 cli.rate_sprechgeschwindigkeit_standard_170_schnel -> ja (OK, qwen3.8:27b-mlx, 169.5s)
[2026-09-29 10:51:22] Fortschritt: 125/212 (59.0%) | success=125, fail=0, remaining=87 | avg/job=89.5s | ETA=2:09:45 | Letzter: Job 125 cli.rate_sprechgeschwindigkeit_standard_170_schnel -> ja (OK, qwen3.8:27b-mlx, 169.5s)
[2026-09-29 10:51:52] Fortschritt: 125/212 (59.0%) | success=125, fail=0, remaining=87 | avg/job=95.4s | ETA=2:18:20 | Letzter: Job 125 cli.rate_sprechgeschwindigkeit_standard_170_schnel -> ja (OK, qwen3.8:27b-mlx, 180.7s)
[2026-09-29 10:52:23] Fortschritt: 125/212 (59.0%) | success=125, fail=0, remaining=87 | avg/job=95.4s | ETA=2:18:20 | Letzter: Job 125 cli.rate_sprechgeschwindigkeit_standard_170_schnel -> ja (OK, qwen3.8:27b-mlx, 180.7s)
[2026-09-29 10:52:53] Fortschritt: 126/212 (59.4%) | success=126, fail=0, remaining=86 | avg/job=99.0s | ETA=2:21:56, seit Start ~151s/Job | Letzter: Job 126 cli.rate_sprechgeschwindigkeit_standard_170_schnel -> zh (OK, qwen3.8:27b-mlx, 159.6s)
[2026-09-29 10:53:23] Fortschritt: 126/212 (59.4%) | success=126, fail=0, remaining=86 | avg/job=99.0s | ETA=2:21:56 | Letzter: Job 126 cli.rate_sprechgeschwindigkeit_standard_170_schnel -> zh (OK, qwen3.8:27b-mlx, 159.6s)
[2026-09-29 10:53:53] Fortschritt: 126/212 (59.4%) | success=126, fail=0, remaining=86 | avg/job=101.8s | ETA=2:25:57 | Letzter: Job 126 cli.rate_sprechgeschwindigkeit_standard_170_schnel -> zh (OK, qwen3.8:27b-mlx, 134.9s)
[2026-09-29 10:54:23] Fortschritt: 127/212 (59.9%) | success=127, fail=0, remaining=85 | avg/job=97.6s | ETA=2:18:13, seit Start ~90s/Job | Letzter: Job 127 cli.sammelt_und_zeigt_den_aktuellen_db_basierten_syste -> en (OK, qwen3.8:27b-mlx, 36.9s)
[2026-09-29 10:54:53] Fortschritt: 128/212 (60.4%) | success=128, fail=0, remaining=84 | avg/job=92.6s | ETA=2:09:37, seit Start ~30s/Job | Letzter: Job 128 cli.scannt_einen_ordner_und_kategorisiert_alle_dokumen -> en (OK, qwen3.8:27b-mlx, 41.5s)
[2026-09-29 10:55:24] Fortschritt: 128/212 (60.4%) | success=128, fail=0, remaining=84 | avg/job=92.6s | ETA=2:09:37 | Letzter: Job 128 cli.scannt_einen_ordner_und_kategorisiert_alle_dokumen -> en (OK, qwen3.8:27b-mlx, 41.5s)
[2026-09-29 10:55:54] Fortschritt: 128/212 (60.4%) | success=128, fail=0, remaining=84 | avg/job=91.5s | ETA=2:08:07 | Letzter: Job 128 cli.scannt_einen_ordner_und_kategorisiert_alle_dokumen -> en (OK, qwen3.8:27b-mlx, 71.1s)
[2026-09-29 10:56:24] Fortschritt: 128/212 (60.4%) | success=128, fail=0, remaining=84 | avg/job=91.5s | ETA=2:08:07 | Letzter: Job 128 cli.scannt_einen_ordner_und_kategorisiert_alle_dokumen -> en (OK, qwen3.8:27b-mlx, 71.1s)
[2026-09-29 10:56:54] Fortschritt: 129/212 (60.8%) | success=129, fail=0, remaining=83 | avg/job=93.0s | ETA=2:08:40, seit Start ~121s/Job | Letzter: Job 129 cli.scannt_einen_ordner_und_kategorisiert_alle_dokumen -> es (OK, qwen3.8:27b-mlx, 94.1s)
[2026-09-29 10:57:24] Fortschritt: 129/212 (60.8%) | success=129, fail=0, remaining=83 | avg/job=94.2s | ETA=2:10:16 | Letzter: Job 129 cli.scannt_einen_ordner_und_kategorisiert_alle_dokumen -> es (OK, qwen3.8:27b-mlx, 89.6s)
[2026-09-29 10:57:54] Fortschritt: 130/212 (61.3%) | success=130, fail=0, remaining=82 | avg/job=94.4s | ETA=2:09:02, seit Start ~60s/Job | Letzter: Job 130 cli.scannt_einen_ordner_und_kategorisiert_alle_dokumen -> ja (OK, qwen3.8:27b-mlx, 77.6s)
[2026-09-29 10:58:24] Fortschritt: 130/212 (61.3%) | success=130, fail=0, remaining=82 | avg/job=94.4s | ETA=2:09:02 | Letzter: Job 130 cli.scannt_einen_ordner_und_kategorisiert_alle_dokumen -> ja (OK, qwen3.8:27b-mlx, 77.6s)
[2026-09-29 10:58:55] Fortschritt: 130/212 (61.3%) | success=130, fail=0, remaining=82 | avg/job=97.9s | ETA=2:13:48 | Letzter: Job 130 cli.scannt_einen_ordner_und_kategorisiert_alle_dokumen -> ja (OK, qwen3.8:27b-mlx, 88.8s)
[2026-09-29 10:59:25] Fortschritt: 130/212 (61.3%) | success=130, fail=0, remaining=82 | avg/job=97.9s | ETA=2:13:48 | Letzter: Job 130 cli.scannt_einen_ordner_und_kategorisiert_alle_dokumen -> ja (OK, qwen3.8:27b-mlx, 88.8s)
[2026-09-29 10:59:55] Fortschritt: 131/212 (61.8%) | success=131, fail=0, remaining=81 | avg/job=101.3s | ETA=2:16:48, seit Start ~121s/Job | Letzter: Job 131 cli.scannt_einen_ordner_und_kategorisiert_alle_dokumen -> zh (OK, qwen3.8:27b-mlx, 110.6s)
[2026-09-29 11:00:25] Fortschritt: 131/212 (61.8%) | success=131, fail=0, remaining=81 | avg/job=101.3s | ETA=2:16:48 | Letzter: Job 131 cli.scannt_einen_ordner_und_kategorisiert_alle_dokumen -> zh (OK, qwen3.8:27b-mlx, 110.6s)
[2026-09-29 11:00:55] Fortschritt: 132/212 (62.3%) | success=132, fail=0, remaining=80 | avg/job=103.9s | ETA=2:18:31, seit Start ~60s/Job | Letzter: Job 132 cli.setzt_dead_letter_nachrichten_zurueck_auf_pending -> en (OK, qwen3.8:27b-mlx, 80.5s)
[2026-09-29 11:01:25] Fortschritt: 132/212 (62.3%) | success=132, fail=0, remaining=80 | avg/job=103.2s | ETA=2:17:33 | Letzter: Job 132 cli.setzt_dead_letter_nachrichten_zurueck_auf_pending -> en (OK, qwen3.8:27b-mlx, 47.2s)
[2026-09-29 11:01:56] Fortschritt: 133/212 (62.7%) | success=133, fail=0, remaining=79 | avg/job=100.9s | ETA=2:12:48, seit Start ~60s/Job | Letzter: Job 133 cli.setzt_dead_letter_nachrichten_zurueck_auf_pending -> es (OK, qwen3.8:27b-mlx, 60.2s)
[2026-09-29 11:02:26] Fortschritt: 133/212 (62.7%) | success=133, fail=0, remaining=79 | avg/job=96.8s | ETA=2:07:24 | Letzter: Job 133 cli.setzt_dead_letter_nachrichten_zurueck_auf_pending -> es (OK, qwen3.8:27b-mlx, 62.1s)
[2026-09-29 11:02:56] Fortschritt: 133/212 (62.7%) | success=133, fail=0, remaining=79 | avg/job=96.8s | ETA=2:07:24 | Letzter: Job 133 cli.setzt_dead_letter_nachrichten_zurueck_auf_pending -> es (OK, qwen3.8:27b-mlx, 62.1s)
[2026-09-29 11:03:26] Fortschritt: 134/212 (63.2%) | success=134, fail=0, remaining=78 | avg/job=95.0s | ETA=2:03:26, seit Start ~90s/Job | Letzter: Job 134 cli.setzt_dead_letter_nachrichten_zurueck_auf_pending -> ja (OK, qwen3.8:27b-mlx, 70.2s)
[2026-09-29 11:03:56] Fortschritt: 134/212 (63.2%) | success=134, fail=0, remaining=78 | avg/job=91.5s | ETA=1:59:00 | Letzter: Job 134 cli.setzt_dead_letter_nachrichten_zurueck_auf_pending -> ja (OK, qwen3.8:27b-mlx, 89.3s)
[2026-09-29 11:04:26] Fortschritt: 135/212 (63.7%) | success=135, fail=0, remaining=77 | avg/job=85.2s | ETA=1:49:19, seit Start ~60s/Job | Letzter: Job 135 cli.setzt_dead_letter_nachrichten_zurueck_auf_pending -> zh (OK, qwen3.8:27b-mlx, 71.8s)
[2026-09-29 11:04:56] Fortschritt: 135/212 (63.7%) | success=135, fail=0, remaining=77 | avg/job=78.9s | ETA=1:41:15 | Letzter: Job 135 cli.setzt_dead_letter_nachrichten_zurueck_auf_pending -> zh (OK, qwen3.8:27b-mlx, 54.3s)
[2026-09-29 11:05:26] Fortschritt: 136/212 (64.2%) | success=136, fail=0, remaining=76 | avg/job=74.3s | ETA=1:34:07, seit Start ~60s/Job | Letzter: Job 136 cli.setzt_den_arbeitsmodus_fuer_heute_gibt_false_zuru -> en (OK, qwen3.8:27b-mlx, 50.8s)
[2026-09-29 11:05:56] Fortschritt: 136/212 (64.2%) | success=136, fail=0, remaining=76 | avg/job=70.6s | ETA=1:29:24 | Letzter: Job 136 cli.setzt_den_arbeitsmodus_fuer_heute_gibt_false_zuru -> en (OK, qwen3.8:27b-mlx, 51.8s)
[2026-09-29 11:06:27] Fortschritt: 137/212 (64.6%) | success=137, fail=0, remaining=75 | avg/job=71.3s | ETA=1:29:09, seit Start ~60s/Job | Letzter: Job 137 cli.setzt_den_arbeitsmodus_fuer_heute_gibt_false_zuru -> es (OK, qwen3.8:27b-mlx, 55.9s)
[2026-09-29 11:06:57] Fortschritt: 137/212 (64.6%) | success=137, fail=0, remaining=75 | avg/job=72.4s | ETA=1:30:27 | Letzter: Job 137 cli.setzt_den_arbeitsmodus_fuer_heute_gibt_false_zuru -> es (OK, qwen3.8:27b-mlx, 54.6s)
[2026-09-29 11:07:27] Fortschritt: 138/212 (65.1%) | success=138, fail=0, remaining=74 | avg/job=70.5s | ETA=1:26:57, seit Start ~60s/Job | Letzter: Job 138 cli.setzt_den_arbeitsmodus_fuer_heute_gibt_false_zuru -> ru (OK, qwen3.8:27b-mlx, 52.5s)
[2026-09-29 11:07:57] Fortschritt: 139/212 (65.6%) | success=139, fail=0, remaining=73 | avg/job=67.7s | ETA=1:22:24, seit Start ~30s/Job | Letzter: Job 139 cli.setzt_den_arbeitsmodus_fuer_heute_gibt_false_zuru -> ja (OK, qwen3.8:27b-mlx, 44.4s)
[2026-09-29 11:08:27] Fortschritt: 139/212 (65.6%) | success=139, fail=0, remaining=73 | avg/job=66.5s | ETA=1:20:57 | Letzter: Job 139 cli.setzt_den_arbeitsmodus_fuer_heute_gibt_false_zuru -> ja (OK, qwen3.8:27b-mlx, 50.0s)
[2026-09-29 11:08:57] Fortschritt: 140/212 (66.0%) | success=140, fail=0, remaining=72 | avg/job=61.7s | ETA=1:14:04, seit Start ~60s/Job | Letzter: Job 140 cli.setzt_den_arbeitsmodus_fuer_heute_gibt_false_zuru -> zh (OK, qwen3.8:27b-mlx, 40.7s)
[2026-09-29 11:09:27] Fortschritt: 141/212 (66.5%) | success=141, fail=0, remaining=71 | avg/job=57.9s | ETA=1:08:27, seit Start ~30s/Job | Letzter: Job 141 cli.setzt_den_budget_verbrauch_auf_0_zurueck -> zh (OK, qwen3.8:27b-mlx, 43.4s)
[2026-09-29 11:09:57] Fortschritt: 141/212 (66.5%) | success=141, fail=0, remaining=71 | avg/job=55.4s | ETA=1:05:32 | Letzter: Job 141 cli.setzt_den_budget_verbrauch_auf_0_zurueck -> zh (OK, qwen3.8:27b-mlx, 51.4s)
[2026-09-29 11:10:28] Fortschritt: 141/212 (66.5%) | success=141, fail=0, remaining=71 | avg/job=55.4s | ETA=1:05:32 | Letzter: Job 141 cli.setzt_den_budget_verbrauch_auf_0_zurueck -> zh (OK, qwen3.8:27b-mlx, 51.4s)
[2026-09-29 11:10:58] Fortschritt: 142/212 (67.0%) | success=142, fail=0, remaining=70 | avg/job=58.2s | ETA=1:07:52, seit Start ~90s/Job | Letzter: Job 142 cli.setzt_den_state_einer_llmauto_kette_zurueck -> ja (OK, qwen3.8:27b-mlx, 83.8s)
[2026-09-29 11:11:28] Fortschritt: 142/212 (67.0%) | success=142, fail=0, remaining=70 | avg/job=58.2s | ETA=1:07:52 | Letzter: Job 142 cli.setzt_den_state_einer_llmauto_kette_zurueck -> ja (OK, qwen3.8:27b-mlx, 83.8s)
[2026-09-29 11:11:58] Fortschritt: 142/212 (67.0%) | success=142, fail=0, remaining=70 | avg/job=61.1s | ETA=1:11:13 | Letzter: Job 142 cli.setzt_den_state_einer_llmauto_kette_zurueck -> ja (OK, qwen3.8:27b-mlx, 103.8s)
[2026-09-29 11:12:28] Fortschritt: 143/212 (67.5%) | success=143, fail=0, remaining=69 | avg/job=60.5s | ETA=1:09:34, seit Start ~90s/Job | Letzter: Job 143 cli.setzt_den_state_einer_llmauto_kette_zurueck -> zh (OK, qwen3.8:27b-mlx, 83.4s)
[2026-09-29 11:12:58] Fortschritt: 143/212 (67.5%) | success=143, fail=0, remaining=69 | avg/job=63.3s | ETA=1:12:45 | Letzter: Job 143 cli.setzt_den_state_einer_llmauto_kette_zurueck -> zh (OK, qwen3.8:27b-mlx, 84.2s)
[2026-09-29 11:13:28] Fortschritt: 144/212 (67.9%) | success=144, fail=0, remaining=68 | avg/job=61.6s | ETA=1:09:49, seit Start ~60s/Job | Letzter: Job 144 cli.setzt_modus_zurueck_wenn_vollzugriff_timeout_abgel -> ja (OK, qwen3.8:27b-mlx, 81.3s)
[2026-09-29 11:13:58] Fortschritt: 144/212 (67.9%) | success=144, fail=0, remaining=68 | avg/job=61.6s | ETA=1:09:49 | Letzter: Job 144 cli.setzt_modus_zurueck_wenn_vollzugriff_timeout_abgel -> ja (OK, qwen3.8:27b-mlx, 81.3s)
[2026-09-29 11:14:29] Fortschritt: 144/212 (67.9%) | success=144, fail=0, remaining=68 | avg/job=61.5s | ETA=1:09:44 | Letzter: Job 144 cli.setzt_modus_zurueck_wenn_vollzugriff_timeout_abgel -> ja (OK, qwen3.8:27b-mlx, 72.1s)
[2026-09-29 11:14:59] Fortschritt: 145/212 (68.4%) | success=145, fail=0, remaining=67 | avg/job=62.7s | ETA=1:10:00, seit Start ~90s/Job | Letzter: Job 145 cli.setzt_modus_zurueck_wenn_vollzugriff_timeout_abgel -> zh (OK, qwen3.8:27b-mlx, 82.7s)
[2026-09-29 11:15:29] Fortschritt: 145/212 (68.4%) | success=145, fail=0, remaining=67 | avg/job=62.7s | ETA=1:10:00 | Letzter: Job 145 cli.setzt_modus_zurueck_wenn_vollzugriff_timeout_abgel -> zh (OK, qwen3.8:27b-mlx, 82.7s)
[2026-09-29 11:15:59] Fortschritt: 145/212 (68.4%) | success=145, fail=0, remaining=67 | avg/job=64.3s | ETA=1:11:48 | Letzter: Job 145 cli.setzt_modus_zurueck_wenn_vollzugriff_timeout_abgel -> zh (OK, qwen3.8:27b-mlx, 82.0s)
[2026-09-29 11:16:29] Fortschritt: 146/212 (68.9%) | success=146, fail=0, remaining=66 | avg/job=66.8s | ETA=1:13:26, seit Start ~90s/Job | Letzter: Job 146 cli.skill_spezifische_tools_im_skill_ordner_finden -> en (OK, qwen3.8:27b-mlx, 91.5s)
[2026-09-29 11:16:59] Fortschritt: 146/212 (68.9%) | success=146, fail=0, remaining=66 | avg/job=66.8s | ETA=1:13:26 | Letzter: Job 146 cli.skill_spezifische_tools_im_skill_ordner_finden -> en (OK, qwen3.8:27b-mlx, 91.5s)
[2026-09-29 11:17:29] Fortschritt: 146/212 (68.9%) | success=146, fail=0, remaining=66 | avg/job=68.2s | ETA=1:15:01 | Letzter: Job 146 cli.skill_spezifische_tools_im_skill_ordner_finden -> en (OK, qwen3.8:27b-mlx, 90.8s)
[2026-09-29 11:18:00] Fortschritt: 146/212 (68.9%) | success=146, fail=0, remaining=66 | avg/job=68.2s | ETA=1:15:01 | Letzter: Job 146 cli.skill_spezifische_tools_im_skill_ordner_finden -> en (OK, qwen3.8:27b-mlx, 90.8s)
[2026-09-29 11:18:30] Fortschritt: 147/212 (69.3%) | success=147, fail=0, remaining=65 | avg/job=71.7s | ETA=1:17:39, seit Start ~121s/Job | Letzter: Job 147 cli.skill_spezifische_tools_im_skill_ordner_finden -> ru (OK, qwen3.8:27b-mlx, 105.1s)
[2026-09-29 11:19:00] Fortschritt: 147/212 (69.3%) | success=147, fail=0, remaining=65 | avg/job=71.7s | ETA=1:17:39 | Letzter: Job 147 cli.skill_spezifische_tools_im_skill_ordner_finden -> ru (OK, qwen3.8:27b-mlx, 105.1s)
[2026-09-29 11:19:30] Fortschritt: 147/212 (69.3%) | success=147, fail=0, remaining=65 | avg/job=71.7s | ETA=1:17:39 | Letzter: Job 147 cli.skill_spezifische_tools_im_skill_ordner_finden -> ru (OK, qwen3.8:27b-mlx, 105.1s)
[2026-09-29 11:20:00] Fortschritt: 147/212 (69.3%) | success=147, fail=0, remaining=65 | avg/job=77.9s | ETA=1:24:26 | Letzter: Job 147 cli.skill_spezifische_tools_im_skill_ordner_finden -> ru (OK, qwen3.8:27b-mlx, 152.0s)
[2026-09-29 11:20:30] Fortschritt: 147/212 (69.3%) | success=147, fail=0, remaining=65 | avg/job=77.9s | ETA=1:24:26 | Letzter: Job 147 cli.skill_spezifische_tools_im_skill_ordner_finden -> ru (OK, qwen3.8:27b-mlx, 152.0s)
[2026-09-29 11:21:01] Fortschritt: 148/212 (69.8%) | success=148, fail=0, remaining=64 | avg/job=82.1s | ETA=1:27:34, seit Start ~151s/Job | Letzter: Job 148 cli.skill_spezifische_tools_im_skill_ordner_finden -> ja (OK, qwen3.8:27b-mlx, 159.4s)
[2026-09-29 11:21:31] Fortschritt: 148/212 (69.8%) | success=148, fail=0, remaining=64 | avg/job=82.1s | ETA=1:27:34 | Letzter: Job 148 cli.skill_spezifische_tools_im_skill_ordner_finden -> ja (OK, qwen3.8:27b-mlx, 159.4s)
[2026-09-29 11:22:01] Fortschritt: 148/212 (69.8%) | success=148, fail=0, remaining=64 | avg/job=82.1s | ETA=1:27:34 | Letzter: Job 148 cli.skill_spezifische_tools_im_skill_ordner_finden -> ja (OK, qwen3.8:27b-mlx, 159.4s)
[2026-09-29 11:22:31] Fortschritt: 148/212 (69.8%) | success=148, fail=0, remaining=64 | avg/job=87.7s | ETA=1:33:34 | Letzter: Job 148 cli.skill_spezifische_tools_im_skill_ordner_finden -> ja (OK, qwen3.8:27b-mlx, 150.2s)
[2026-09-29 11:23:01] Fortschritt: 148/212 (69.8%) | success=148, fail=0, remaining=64 | avg/job=87.7s | ETA=1:33:34 | Letzter: Job 148 cli.skill_spezifische_tools_im_skill_ordner_finden -> ja (OK, qwen3.8:27b-mlx, 150.2s)
[2026-09-29 11:23:31] Fortschritt: 149/212 (70.3%) | success=149, fail=0, remaining=63 | avg/job=91.6s | ETA=1:36:13, seit Start ~151s/Job | Letzter: Job 149 cli.skill_spezifische_tools_im_skill_ordner_finden -> zh (OK, qwen3.8:27b-mlx, 139.8s)
[2026-09-29 11:24:01] Fortschritt: 149/212 (70.3%) | success=149, fail=0, remaining=63 | avg/job=91.6s | ETA=1:36:13 | Letzter: Job 149 cli.skill_spezifische_tools_im_skill_ordner_finden -> zh (OK, qwen3.8:27b-mlx, 139.8s)
[2026-09-29 11:24:31] Fortschritt: 149/212 (70.3%) | success=149, fail=0, remaining=63 | avg/job=94.9s | ETA=1:39:39 | Letzter: Job 149 cli.skill_spezifische_tools_im_skill_ordner_finden -> zh (OK, qwen3.8:27b-mlx, 121.9s)
[2026-09-29 11:25:02] Fortschritt: 150/212 (70.8%) | success=150, fail=0, remaining=62 | avg/job=96.5s | ETA=1:39:41, seit Start ~90s/Job | Letzter: Job 150 cli.skill_spezifische_workflows_im_skill_ordner_finden -> en (OK, qwen3.8:27b-mlx, 94.4s)
[2026-09-29 11:25:32] Fortschritt: 150/212 (70.8%) | success=150, fail=0, remaining=62 | avg/job=97.9s | ETA=1:41:11 | Letzter: Job 150 cli.skill_spezifische_workflows_im_skill_ordner_finden -> en (OK, qwen3.8:27b-mlx, 70.8s)
[2026-09-29 11:26:02] Fortschritt: 150/212 (70.8%) | success=150, fail=0, remaining=62 | avg/job=97.9s | ETA=1:41:11 | Letzter: Job 150 cli.skill_spezifische_workflows_im_skill_ordner_finden -> en (OK, qwen3.8:27b-mlx, 70.8s)
[2026-09-29 11:26:32] Fortschritt: 151/212 (71.2%) | success=151, fail=0, remaining=61 | avg/job=102.8s | ETA=1:44:29, seit Start ~90s/Job | Letzter: Job 151 cli.skill_spezifische_workflows_im_skill_ordner_finden -> ja (OK, qwen3.8:27b-mlx, 106.4s)
[2026-09-29 11:27:02] Fortschritt: 151/212 (71.2%) | success=151, fail=0, remaining=61 | avg/job=102.8s | ETA=1:44:29 | Letzter: Job 151 cli.skill_spezifische_workflows_im_skill_ordner_finden -> ja (OK, qwen3.8:27b-mlx, 106.4s)
[2026-09-29 11:27:32] Fortschritt: 151/212 (71.2%) | success=151, fail=0, remaining=61 | avg/job=102.8s | ETA=1:44:29 | Letzter: Job 151 cli.skill_spezifische_workflows_im_skill_ordner_finden -> ja (OK, qwen3.8:27b-mlx, 106.4s)
[2026-09-29 11:28:02] Fortschritt: 151/212 (71.2%) | success=151, fail=0, remaining=61 | avg/job=107.9s | ETA=1:49:42 | Letzter: Job 151 cli.skill_spezifische_workflows_im_skill_ordner_finden -> ja (OK, qwen3.8:27b-mlx, 151.3s)
[2026-09-29 11:28:33] Fortschritt: 151/212 (71.2%) | success=151, fail=0, remaining=61 | avg/job=107.9s | ETA=1:49:42 | Letzter: Job 151 cli.skill_spezifische_workflows_im_skill_ordner_finden -> ja (OK, qwen3.8:27b-mlx, 151.3s)
[2026-09-29 11:29:03] Fortschritt: 151/212 (71.2%) | success=151, fail=0, remaining=61 | avg/job=107.9s | ETA=1:49:42 | Letzter: Job 151 cli.skill_spezifische_workflows_im_skill_ordner_finden -> ja (OK, qwen3.8:27b-mlx, 151.3s)
[2026-09-29 11:29:33] Fortschritt: 152/212 (71.7%) | success=152, fail=0, remaining=60 | avg/job=110.9s | ETA=1:50:52, seit Start ~181s/Job | Letzter: Job 152 cli.smart_home_fritzbox_integration -> es (OK, qwen3.8:27b-mlx, 164.7s)
[2026-09-29 11:30:03] Fortschritt: 152/212 (71.7%) | success=152, fail=0, remaining=60 | avg/job=110.9s | ETA=1:50:52 | Letzter: Job 152 cli.smart_home_fritzbox_integration -> es (OK, qwen3.8:27b-mlx, 164.7s)
[2026-09-29 11:30:33] Fortschritt: 152/212 (71.7%) | success=152, fail=0, remaining=60 | avg/job=110.9s | ETA=1:50:52 | Letzter: Job 152 cli.smart_home_fritzbox_integration -> es (OK, qwen3.8:27b-mlx, 164.7s)
[2026-09-29 11:31:03] Fortschritt: 152/212 (71.7%) | success=152, fail=0, remaining=60 | avg/job=115.3s | ETA=1:55:15 | Letzter: Job 152 cli.smart_home_fritzbox_integration -> es (OK, qwen3.8:27b-mlx, 177.3s)
[2026-09-29 11:31:33] Fortschritt: 152/212 (71.7%) | success=152, fail=0, remaining=60 | avg/job=115.3s | ETA=1:55:15 | Letzter: Job 152 cli.smart_home_fritzbox_integration -> es (OK, qwen3.8:27b-mlx, 177.3s)
[2026-09-29 11:32:04] Fortschritt: 152/212 (71.7%) | success=152, fail=0, remaining=60 | avg/job=115.3s | ETA=1:55:15 | Letzter: Job 152 cli.smart_home_fritzbox_integration -> es (OK, qwen3.8:27b-mlx, 177.3s)
[2026-09-29 11:32:34] Fortschritt: 153/212 (72.2%) | success=153, fail=0, remaining=59 | avg/job=120.5s | ETA=1:58:28, seit Start ~181s/Job | Letzter: Job 153 cli.smart_home_fritzbox_integration -> ru (OK, qwen3.8:27b-mlx, 179.5s)
[2026-09-29 11:33:04] Fortschritt: 153/212 (72.2%) | success=153, fail=0, remaining=59 | avg/job=120.5s | ETA=1:58:28 | Letzter: Job 153 cli.smart_home_fritzbox_integration -> ru (OK, qwen3.8:27b-mlx, 179.5s)
[2026-09-29 11:33:34] Fortschritt: 153/212 (72.2%) | success=153, fail=0, remaining=59 | avg/job=120.5s | ETA=1:58:28 | Letzter: Job 153 cli.smart_home_fritzbox_integration -> ru (OK, qwen3.8:27b-mlx, 179.5s)
[2026-09-29 11:34:04] Fortschritt: 153/212 (72.2%) | success=153, fail=0, remaining=59 | avg/job=123.6s | ETA=2:01:32 | Letzter: Job 153 cli.smart_home_fritzbox_integration -> ru (OK, qwen3.8:27b-mlx, 167.6s)
[2026-09-29 11:34:34] Fortschritt: 153/212 (72.2%) | success=153, fail=0, remaining=59 | avg/job=123.6s | ETA=2:01:32 | Letzter: Job 153 cli.smart_home_fritzbox_integration -> ru (OK, qwen3.8:27b-mlx, 167.6s)
[2026-09-29 11:35:04] Fortschritt: 154/212 (72.6%) | success=154, fail=0, remaining=58 | avg/job=129.4s | ETA=2:05:05, seit Start ~151s/Job | Letzter: Job 154 cli.smart_home_fritzbox_integration -> ja (OK, qwen3.8:27b-mlx, 170.5s)
[2026-09-29 11:35:35] Fortschritt: 154/212 (72.6%) | success=154, fail=0, remaining=58 | avg/job=129.4s | ETA=2:05:05 | Letzter: Job 154 cli.smart_home_fritzbox_integration -> ja (OK, qwen3.8:27b-mlx, 170.5s)
[2026-09-29 11:36:05] Fortschritt: 154/212 (72.6%) | success=154, fail=0, remaining=58 | avg/job=129.4s | ETA=2:05:05 | Letzter: Job 154 cli.smart_home_fritzbox_integration -> ja (OK, qwen3.8:27b-mlx, 170.5s)
[2026-09-29 11:36:35] Fortschritt: 154/212 (72.6%) | success=154, fail=0, remaining=58 | avg/job=133.0s | ETA=2:08:32 | Letzter: Job 154 cli.smart_home_fritzbox_integration -> ja (OK, qwen3.8:27b-mlx, 165.8s)
[2026-09-29 11:37:05] Fortschritt: 154/212 (72.6%) | success=154, fail=0, remaining=58 | avg/job=133.0s | ETA=2:08:32 | Letzter: Job 154 cli.smart_home_fritzbox_integration -> ja (OK, qwen3.8:27b-mlx, 165.8s)
[2026-09-29 11:37:35] Fortschritt: 154/212 (72.6%) | success=154, fail=0, remaining=58 | avg/job=133.0s | ETA=2:08:32 | Letzter: Job 154 cli.smart_home_fritzbox_integration -> ja (OK, qwen3.8:27b-mlx, 165.8s)
[2026-09-29 11:38:05] Fortschritt: 155/212 (73.1%) | success=155, fail=0, remaining=57 | avg/job=136.7s | ETA=2:09:50, seit Start ~181s/Job | Letzter: Job 155 cli.smart_home_fritzbox_integration -> zh (OK, qwen3.8:27b-mlx, 155.5s)
[2026-09-29 11:38:35] Fortschritt: 155/212 (73.1%) | success=155, fail=0, remaining=57 | avg/job=136.7s | ETA=2:09:50 | Letzter: Job 155 cli.smart_home_fritzbox_integration -> zh (OK, qwen3.8:27b-mlx, 155.5s)
[2026-09-29 11:39:05] Fortschritt: 155/212 (73.1%) | success=155, fail=0, remaining=57 | avg/job=138.9s | ETA=2:11:57 | Letzter: Job 155 cli.smart_home_fritzbox_integration -> zh (OK, qwen3.8:27b-mlx, 141.3s)
[2026-09-29 11:39:36] Fortschritt: 156/212 (73.6%) | success=156, fail=0, remaining=56 | avg/job=138.1s | ETA=2:08:52, seit Start ~91s/Job | Letzter: Job 156 cli.startet_claude_p_und_gibt_antwort_zurueck -> en (OK, qwen3.8:27b-mlx, 105.5s)
[2026-09-29 11:40:06] Fortschritt: 156/212 (73.6%) | success=156, fail=0, remaining=56 | avg/job=138.1s | ETA=2:08:52 | Letzter: Job 156 cli.startet_claude_p_und_gibt_antwort_zurueck -> en (OK, qwen3.8:27b-mlx, 105.5s)
[2026-09-29 11:40:36] Fortschritt: 156/212 (73.6%) | success=156, fail=0, remaining=56 | avg/job=139.7s | ETA=2:10:21 | Letzter: Job 156 cli.startet_claude_p_und_gibt_antwort_zurueck -> en (OK, qwen3.8:27b-mlx, 98.4s)
[2026-09-29 11:41:06] Fortschritt: 156/212 (73.6%) | success=156, fail=0, remaining=56 | avg/job=139.7s | ETA=2:10:21 | Letzter: Job 156 cli.startet_claude_p_und_gibt_antwort_zurueck -> en (OK, qwen3.8:27b-mlx, 98.4s)
[2026-09-29 11:41:36] Fortschritt: 157/212 (74.1%) | success=157, fail=0, remaining=55 | avg/job=139.0s | ETA=2:07:26, seit Start ~121s/Job | Letzter: Job 157 cli.startet_claude_p_und_gibt_antwort_zurueck -> es (OK, qwen3.8:27b-mlx, 114.6s)
[2026-09-29 11:42:06] Fortschritt: 157/212 (74.1%) | success=157, fail=0, remaining=55 | avg/job=139.0s | ETA=2:07:26 | Letzter: Job 157 cli.startet_claude_p_und_gibt_antwort_zurueck -> es (OK, qwen3.8:27b-mlx, 114.6s)
[2026-09-29 11:42:36] Fortschritt: 157/212 (74.1%) | success=157, fail=0, remaining=55 | avg/job=136.2s | ETA=2:04:52 | Letzter: Job 157 cli.startet_claude_p_und_gibt_antwort_zurueck -> es (OK, qwen3.8:27b-mlx, 117.5s)
[2026-09-29 11:43:07] Fortschritt: 157/212 (74.1%) | success=157, fail=0, remaining=55 | avg/job=136.2s | ETA=2:04:52 | Letzter: Job 157 cli.startet_claude_p_und_gibt_antwort_zurueck -> es (OK, qwen3.8:27b-mlx, 117.5s)
[2026-09-29 11:43:37] Fortschritt: 158/212 (74.5%) | success=158, fail=0, remaining=54 | avg/job=135.6s | ETA=2:02:04, seit Start ~120s/Job | Letzter: Job 158 cli.startet_claude_p_und_gibt_antwort_zurueck -> ru (OK, qwen3.8:27b-mlx, 125.5s)
[2026-09-29 11:44:07] Fortschritt: 158/212 (74.5%) | success=158, fail=0, remaining=54 | avg/job=135.6s | ETA=2:02:04 | Letzter: Job 158 cli.startet_claude_p_und_gibt_antwort_zurueck -> ru (OK, qwen3.8:27b-mlx, 125.5s)
[2026-09-29 11:44:37] Fortschritt: 158/212 (74.5%) | success=158, fail=0, remaining=54 | avg/job=133.4s | ETA=2:00:03 | Letzter: Job 158 cli.startet_claude_p_und_gibt_antwort_zurueck -> ru (OK, qwen3.8:27b-mlx, 122.0s)
[2026-09-29 11:45:07] Fortschritt: 158/212 (74.5%) | success=158, fail=0, remaining=54 | avg/job=133.4s | ETA=2:00:03 | Letzter: Job 158 cli.startet_claude_p_und_gibt_antwort_zurueck -> ru (OK, qwen3.8:27b-mlx, 122.0s)
[2026-09-29 11:45:37] Fortschritt: 158/212 (74.5%) | success=158, fail=0, remaining=54 | avg/job=133.4s | ETA=2:00:03 | Letzter: Job 158 cli.startet_claude_p_und_gibt_antwort_zurueck -> ru (OK, qwen3.8:27b-mlx, 122.0s)
[2026-09-29 11:46:07] Fortschritt: 159/212 (75.0%) | success=159, fail=0, remaining=53 | avg/job=135.4s | ETA=1:59:37, seit Start ~150s/Job | Letzter: Job 159 cli.startet_claude_p_und_gibt_antwort_zurueck -> ja (OK, qwen3.8:27b-mlx, 137.6s)
[2026-09-29 11:46:37] Fortschritt: 159/212 (75.0%) | success=159, fail=0, remaining=53 | avg/job=135.4s | ETA=1:59:37 | Letzter: Job 159 cli.startet_claude_p_und_gibt_antwort_zurueck -> ja (OK, qwen3.8:27b-mlx, 137.6s)
[2026-09-29 11:47:07] Fortschritt: 159/212 (75.0%) | success=159, fail=0, remaining=53 | avg/job=137.2s | ETA=2:01:11 | Letzter: Job 159 cli.startet_claude_p_und_gibt_antwort_zurueck -> ja (OK, qwen3.8:27b-mlx, 159.9s)
[2026-09-29 11:47:37] Fortschritt: 159/212 (75.0%) | success=159, fail=0, remaining=53 | avg/job=137.2s | ETA=2:01:11 | Letzter: Job 159 cli.startet_claude_p_und_gibt_antwort_zurueck -> ja (OK, qwen3.8:27b-mlx, 159.9s)
[2026-09-29 11:48:08] Fortschritt: 159/212 (75.0%) | success=159, fail=0, remaining=53 | avg/job=137.2s | ETA=2:01:11 | Letzter: Job 159 cli.startet_claude_p_und_gibt_antwort_zurueck -> ja (OK, qwen3.8:27b-mlx, 159.9s)
[2026-09-29 11:48:38] Fortschritt: 160/212 (75.5%) | success=160, fail=0, remaining=52 | avg/job=141.7s | ETA=2:02:46, seit Start ~151s/Job | Letzter: Job 160 cli.startet_claude_p_und_gibt_antwort_zurueck -> zh (OK, qwen3.8:27b-mlx, 156.8s)
[2026-09-29 11:49:08] Fortschritt: 160/212 (75.5%) | success=160, fail=0, remaining=52 | avg/job=141.7s | ETA=2:02:46 | Letzter: Job 160 cli.startet_claude_p_und_gibt_antwort_zurueck -> zh (OK, qwen3.8:27b-mlx, 156.8s)
[2026-09-29 11:49:38] Fortschritt: 160/212 (75.5%) | success=160, fail=0, remaining=52 | avg/job=145.1s | ETA=2:05:45 | Letzter: Job 160 cli.startet_claude_p_und_gibt_antwort_zurueck -> zh (OK, qwen3.8:27b-mlx, 149.9s)
[2026-09-29 11:50:08] Fortschritt: 161/212 (75.9%) | success=161, fail=0, remaining=51 | avg/job=141.2s | ETA=2:00:01, seit Start ~90s/Job | Letzter: Job 161 cli.startet_listen_loop_in_eigenem_thread_gibt_threa -> en (OK, qwen3.8:27b-mlx, 101.9s)
[2026-09-29 11:50:38] Fortschritt: 161/212 (75.9%) | success=161, fail=0, remaining=51 | avg/job=135.8s | ETA=1:55:24 | Letzter: Job 161 cli.startet_listen_loop_in_eigenem_thread_gibt_threa -> en (OK, qwen3.8:27b-mlx, 58.0s)
[2026-09-29 11:51:08] Fortschritt: 161/212 (75.9%) | success=161, fail=0, remaining=51 | avg/job=135.8s | ETA=1:55:24 | Letzter: Job 161 cli.startet_listen_loop_in_eigenem_thread_gibt_threa -> en (OK, qwen3.8:27b-mlx, 58.0s)
[2026-09-29 11:51:38] Fortschritt: 162/212 (76.4%) | success=162, fail=0, remaining=50 | avg/job=131.4s | ETA=1:49:32, seit Start ~90s/Job | Letzter: Job 162 cli.startet_listen_loop_in_eigenem_thread_gibt_threa -> es (OK, qwen3.8:27b-mlx, 67.0s)
[2026-09-29 11:52:08] Fortschritt: 162/212 (76.4%) | success=162, fail=0, remaining=50 | avg/job=127.6s | ETA=1:46:21 | Letzter: Job 162 cli.startet_listen_loop_in_eigenem_thread_gibt_threa -> es (OK, qwen3.8:27b-mlx, 95.9s)
[2026-09-29 11:52:38] Fortschritt: 163/212 (76.9%) | success=163, fail=0, remaining=49 | avg/job=122.1s | ETA=1:39:44, seit Start ~60s/Job | Letzter: Job 163 cli.startet_listen_loop_in_eigenem_thread_gibt_threa -> ru (OK, qwen3.8:27b-mlx, 86.3s)
[2026-09-29 11:53:08] Fortschritt: 163/212 (76.9%) | success=163, fail=0, remaining=49 | avg/job=122.1s | ETA=1:39:44 | Letzter: Job 163 cli.startet_listen_loop_in_eigenem_thread_gibt_threa -> ru (OK, qwen3.8:27b-mlx, 86.3s)
[2026-09-29 11:53:38] Fortschritt: 164/212 (77.4%) | success=164, fail=0, remaining=48 | avg/job=111.1s | ETA=1:28:51, seit Start ~60s/Job | Letzter: Job 164 cli.startet_listen_loop_in_eigenem_thread_gibt_threa -> zh (OK, qwen3.8:27b-mlx, 59.9s)
[2026-09-29 11:54:09] Fortschritt: 164/212 (77.4%) | success=164, fail=0, remaining=48 | avg/job=105.6s | ETA=1:24:27 | Letzter: Job 164 cli.startet_listen_loop_in_eigenem_thread_gibt_threa -> zh (OK, qwen3.8:27b-mlx, 47.4s)
[2026-09-29 11:54:39] Fortschritt: 165/212 (77.8%) | success=165, fail=0, remaining=47 | avg/job=100.6s | ETA=1:18:47, seit Start ~60s/Job | Letzter: Job 165 cli.synchronisiert_db_status_zurueck_zu_aufgaben_txt_d -> en (OK, qwen3.8:27b-mlx, 50.7s)
[2026-09-29 11:55:09] Fortschritt: 165/212 (77.8%) | success=165, fail=0, remaining=47 | avg/job=96.3s | ETA=1:15:27 | Letzter: Job 165 cli.synchronisiert_db_status_zurueck_zu_aufgaben_txt_d -> en (OK, qwen3.8:27b-mlx, 48.9s)
[2026-09-29 11:55:39] Fortschritt: 165/212 (77.8%) | success=165, fail=0, remaining=47 | avg/job=96.3s | ETA=1:15:27 | Letzter: Job 165 cli.synchronisiert_db_status_zurueck_zu_aufgaben_txt_d -> en (OK, qwen3.8:27b-mlx, 48.9s)
[2026-09-29 11:56:09] Fortschritt: 166/212 (78.3%) | success=166, fail=0, remaining=46 | avg/job=97.6s | ETA=1:14:47, seit Start ~90s/Job | Letzter: Job 166 cli.synchronisiert_db_status_zurueck_zu_aufgaben_txt_d -> es (OK, qwen3.8:27b-mlx, 75.2s)
[2026-09-29 11:56:39] Fortschritt: 166/212 (78.3%) | success=166, fail=0, remaining=46 | avg/job=97.3s | ETA=1:14:33 | Letzter: Job 166 cli.synchronisiert_db_status_zurueck_zu_aufgaben_txt_d -> es (OK, qwen3.8:27b-mlx, 107.6s)
[2026-09-29 11:57:09] Fortschritt: 166/212 (78.3%) | success=166, fail=0, remaining=46 | avg/job=97.3s | ETA=1:14:33 | Letzter: Job 166 cli.synchronisiert_db_status_zurueck_zu_aufgaben_txt_d -> es (OK, qwen3.8:27b-mlx, 107.6s)
[2026-09-29 11:57:39] Fortschritt: 167/212 (78.8%) | success=167, fail=0, remaining=45 | avg/job=96.2s | ETA=1:12:11, seit Start ~90s/Job | Letzter: Job 167 cli.synchronisiert_db_status_zurueck_zu_aufgaben_txt_d -> ja (OK, qwen3.8:27b-mlx, 101.5s)
[2026-09-29 11:58:10] Fortschritt: 167/212 (78.8%) | success=167, fail=0, remaining=45 | avg/job=96.2s | ETA=1:12:11 | Letzter: Job 167 cli.synchronisiert_db_status_zurueck_zu_aufgaben_txt_d -> ja (OK, qwen3.8:27b-mlx, 101.5s)
[2026-09-29 11:58:40] Fortschritt: 167/212 (78.8%) | success=167, fail=0, remaining=45 | avg/job=95.6s | ETA=1:11:42 | Letzter: Job 167 cli.synchronisiert_db_status_zurueck_zu_aufgaben_txt_d -> ja (OK, qwen3.8:27b-mlx, 101.1s)
[2026-09-29 11:59:10] Fortschritt: 167/212 (78.8%) | success=167, fail=0, remaining=45 | avg/job=95.6s | ETA=1:11:42 | Letzter: Job 167 cli.synchronisiert_db_status_zurueck_zu_aufgaben_txt_d -> ja (OK, qwen3.8:27b-mlx, 101.1s)
[2026-09-29 11:59:40] Fortschritt: 168/212 (79.2%) | success=168, fail=0, remaining=44 | avg/job=95.2s | ETA=1:09:47, seit Start ~121s/Job | Letzter: Job 168 cli.synchronisiert_db_status_zurueck_zu_aufgaben_txt_d -> zh (OK, qwen3.8:27b-mlx, 114.6s)
[2026-09-29 12:00:10] Fortschritt: 168/212 (79.2%) | success=168, fail=0, remaining=44 | avg/job=94.2s | ETA=1:09:05 | Letzter: Job 168 cli.synchronisiert_db_status_zurueck_zu_aufgaben_txt_d -> zh (OK, qwen3.8:27b-mlx, 108.1s)
[2026-09-29 12:00:40] Fortschritt: 168/212 (79.2%) | success=168, fail=0, remaining=44 | avg/job=94.2s | ETA=1:09:05 | Letzter: Job 168 cli.synchronisiert_db_status_zurueck_zu_aufgaben_txt_d -> zh (OK, qwen3.8:27b-mlx, 108.1s)
[2026-09-29 12:01:11] Fortschritt: 168/212 (79.2%) | success=168, fail=0, remaining=44 | avg/job=94.2s | ETA=1:09:05 | Letzter: Job 168 cli.synchronisiert_db_status_zurueck_zu_aufgaben_txt_d -> zh (OK, qwen3.8:27b-mlx, 108.1s)
[2026-09-29 12:01:41] Fortschritt: 169/212 (79.7%) | success=169, fail=0, remaining=43 | avg/job=94.7s | ETA=1:07:51, seit Start ~121s/Job | Letzter: Job 169 cli.update_handler_versions_und_update_verwaltung -> es (OK, qwen3.8:27b-mlx, 132.8s)
[2026-09-29 12:02:11] Fortschritt: 169/212 (79.7%) | success=169, fail=0, remaining=43 | avg/job=94.7s | ETA=1:07:51 | Letzter: Job 169 cli.update_handler_versions_und_update_verwaltung -> es (OK, qwen3.8:27b-mlx, 132.8s)
[2026-09-29 12:02:41] Fortschritt: 169/212 (79.7%) | success=169, fail=0, remaining=43 | avg/job=94.7s | ETA=1:07:51 | Letzter: Job 169 cli.update_handler_versions_und_update_verwaltung -> es (OK, qwen3.8:27b-mlx, 132.8s)
[2026-09-29 12:03:11] Fortschritt: 169/212 (79.7%) | success=169, fail=0, remaining=43 | avg/job=95.6s | ETA=1:08:31 | Letzter: Job 169 cli.update_handler_versions_und_update_verwaltung -> es (OK, qwen3.8:27b-mlx, 173.9s)
[2026-09-29 12:03:41] Fortschritt: 169/212 (79.7%) | success=169, fail=0, remaining=43 | avg/job=95.6s | ETA=1:08:31 | Letzter: Job 169 cli.update_handler_versions_und_update_verwaltung -> es (OK, qwen3.8:27b-mlx, 173.9s)
[2026-09-29 12:04:11] Fortschritt: 170/212 (80.2%) | success=170, fail=0, remaining=42 | avg/job=93.5s | ETA=1:05:26, seit Start ~151s/Job | Letzter: Job 170 cli.user_sync_py_user_md_bidirektionale_synchronisa -> en (OK, qwen3.8:27b-mlx, 144.9s)
[2026-09-29 12:04:41] Fortschritt: 170/212 (80.2%) | success=170, fail=0, remaining=42 | avg/job=93.5s | ETA=1:05:26 | Letzter: Job 170 cli.user_sync_py_user_md_bidirektionale_synchronisa -> en (OK, qwen3.8:27b-mlx, 144.9s)
[2026-09-29 12:05:11] Fortschritt: 170/212 (80.2%) | success=170, fail=0, remaining=42 | avg/job=92.1s | ETA=1:04:26 | Letzter: Job 170 cli.user_sync_py_user_md_bidirektionale_synchronisa -> en (OK, qwen3.8:27b-mlx, 114.4s)
[2026-09-29 12:05:41] Fortschritt: 170/212 (80.2%) | success=170, fail=0, remaining=42 | avg/job=92.1s | ETA=1:04:26 | Letzter: Job 170 cli.user_sync_py_user_md_bidirektionale_synchronisa -> en (OK, qwen3.8:27b-mlx, 114.4s)
[2026-09-29 12:06:11] Fortschritt: 170/212 (80.2%) | success=170, fail=0, remaining=42 | avg/job=92.1s | ETA=1:04:26 | Letzter: Job 170 cli.user_sync_py_user_md_bidirektionale_synchronisa -> en (OK, qwen3.8:27b-mlx, 114.4s)
[2026-09-29 12:06:41] Fortschritt: 171/212 (80.7%) | success=171, fail=0, remaining=41 | avg/job=97.2s | ETA=1:06:25, seit Start ~150s/Job | Letzter: Job 171 cli.user_sync_py_user_md_bidirektionale_synchronisa -> es (OK, qwen3.8:27b-mlx, 139.1s)
[2026-09-29 12:07:12] Fortschritt: 171/212 (80.7%) | success=171, fail=0, remaining=41 | avg/job=97.2s | ETA=1:06:25 | Letzter: Job 171 cli.user_sync_py_user_md_bidirektionale_synchronisa -> es (OK, qwen3.8:27b-mlx, 139.1s)
[2026-09-29 12:07:42] Fortschritt: 171/212 (80.7%) | success=171, fail=0, remaining=41 | avg/job=97.2s | ETA=1:06:25 | Letzter: Job 171 cli.user_sync_py_user_md_bidirektionale_synchronisa -> es (OK, qwen3.8:27b-mlx, 139.1s)
[2026-09-29 12:08:12] Fortschritt: 171/212 (80.7%) | success=171, fail=0, remaining=41 | avg/job=103.4s | ETA=1:10:38 | Letzter: Job 171 cli.user_sync_py_user_md_bidirektionale_synchronisa -> es (OK, qwen3.8:27b-mlx, 171.0s)
[2026-09-29 12:08:42] Fortschritt: 171/212 (80.7%) | success=171, fail=0, remaining=41 | avg/job=103.4s | ETA=1:10:38 | Letzter: Job 171 cli.user_sync_py_user_md_bidirektionale_synchronisa -> es (OK, qwen3.8:27b-mlx, 171.0s)
[2026-09-29 12:09:12] Fortschritt: 171/212 (80.7%) | success=171, fail=0, remaining=41 | avg/job=103.4s | ETA=1:10:38 | Letzter: Job 171 cli.user_sync_py_user_md_bidirektionale_synchronisa -> es (OK, qwen3.8:27b-mlx, 171.0s)
[2026-09-29 12:09:42] Fortschritt: 172/212 (81.1%) | success=172, fail=0, remaining=40 | avg/job=108.5s | ETA=1:12:20, seit Start ~181s/Job | Letzter: Job 172 cli.user_sync_py_user_md_bidirektionale_synchronisa -> ja (OK, qwen3.8:27b-mlx, 179.9s)
[2026-09-29 12:10:12] Fortschritt: 172/212 (81.1%) | success=172, fail=0, remaining=40 | avg/job=108.5s | ETA=1:12:20 | Letzter: Job 172 cli.user_sync_py_user_md_bidirektionale_synchronisa -> ja (OK, qwen3.8:27b-mlx, 179.9s)
[2026-09-29 12:10:43] Fortschritt: 172/212 (81.1%) | success=172, fail=0, remaining=40 | avg/job=108.5s | ETA=1:12:20 | Letzter: Job 172 cli.user_sync_py_user_md_bidirektionale_synchronisa -> ja (OK, qwen3.8:27b-mlx, 179.9s)
[2026-09-29 12:11:13] Fortschritt: 172/212 (81.1%) | success=172, fail=0, remaining=40 | avg/job=112.5s | ETA=1:15:00 | Letzter: Job 172 cli.user_sync_py_user_md_bidirektionale_synchronisa -> ja (OK, qwen3.8:27b-mlx, 187.4s)
[2026-09-29 12:11:43] Fortschritt: 172/212 (81.1%) | success=172, fail=0, remaining=40 | avg/job=112.5s | ETA=1:15:00 | Letzter: Job 172 cli.user_sync_py_user_md_bidirektionale_synchronisa -> ja (OK, qwen3.8:27b-mlx, 187.4s)
[2026-09-29 12:12:13] Fortschritt: 172/212 (81.1%) | success=172, fail=0, remaining=40 | avg/job=112.5s | ETA=1:15:00 | Letzter: Job 172 cli.user_sync_py_user_md_bidirektionale_synchronisa -> ja (OK, qwen3.8:27b-mlx, 187.4s)
[2026-09-29 12:12:43] Fortschritt: 172/212 (81.1%) | success=172, fail=0, remaining=40 | avg/job=112.5s | ETA=1:15:00 | Letzter: Job 172 cli.user_sync_py_user_md_bidirektionale_synchronisa -> ja (OK, qwen3.8:27b-mlx, 187.4s)
[2026-09-29 12:13:13] Fortschritt: 173/212 (81.6%) | success=173, fail=0, remaining=39 | avg/job=121.2s | ETA=1:18:46, seit Start ~211s/Job | Letzter: Job 173 cli.user_sync_py_user_md_bidirektionale_synchronisa -> zh (OK, qwen3.8:27b-mlx, 213.1s)
[2026-09-29 12:13:43] Fortschritt: 173/212 (81.6%) | success=173, fail=0, remaining=39 | avg/job=121.2s | ETA=1:18:46 | Letzter: Job 173 cli.user_sync_py_user_md_bidirektionale_synchronisa -> zh (OK, qwen3.8:27b-mlx, 213.1s)
[2026-09-29 12:14:13] Fortschritt: 173/212 (81.6%) | success=173, fail=0, remaining=39 | avg/job=121.2s | ETA=1:18:46 | Letzter: Job 173 cli.user_sync_py_user_md_bidirektionale_synchronisa -> zh (OK, qwen3.8:27b-mlx, 213.1s)
[2026-09-29 12:14:44] Fortschritt: 173/212 (81.6%) | success=173, fail=0, remaining=39 | avg/job=127.6s | ETA=1:22:57 | Letzter: Job 173 cli.user_sync_py_user_md_bidirektionale_synchronisa -> zh (OK, qwen3.8:27b-mlx, 216.4s)
[2026-09-29 12:15:14] Fortschritt: 174/212 (82.1%) | success=174, fail=0, remaining=38 | avg/job=127.3s | ETA=1:20:35, seit Start ~121s/Job | Letzter: Job 174 cli.validiert_wichtige_pfade_returns_li -> en (OK, qwen3.8:27b-mlx, 120.6s)
[2026-09-29 12:15:44] Fortschritt: 174/212 (82.1%) | success=174, fail=0, remaining=38 | avg/job=127.2s | ETA=1:20:35 | Letzter: Job 174 cli.validiert_wichtige_pfade_returns_li -> en (OK, qwen3.8:27b-mlx, 43.7s)
[2026-09-29 12:16:14] Fortschritt: 175/212 (82.5%) | success=175, fail=0, remaining=37 | avg/job=129.0s | ETA=1:19:33, seit Start ~60s/Job | Letzter: Job 175 cli.validiert_wichtige_pfade_returns_li -> es (OK, qwen3.8:27b-mlx, 68.2s)
[2026-09-29 12:16:44] Fortschritt: 175/212 (82.5%) | success=175, fail=0, remaining=37 | avg/job=130.7s | ETA=1:20:34 | Letzter: Job 175 cli.validiert_wichtige_pfade_returns_li -> es (OK, qwen3.8:27b-mlx, 83.1s)
[2026-09-29 12:17:14] Fortschritt: 175/212 (82.5%) | success=175, fail=0, remaining=37 | avg/job=130.7s | ETA=1:20:34 | Letzter: Job 175 cli.validiert_wichtige_pfade_returns_li -> es (OK, qwen3.8:27b-mlx, 83.1s)
[2026-09-29 12:17:44] Fortschritt: 176/212 (83.0%) | success=176, fail=0, remaining=36 | avg/job=129.8s | ETA=1:17:51, seit Start ~90s/Job | Letzter: Job 176 cli.validiert_wichtige_pfade_returns_li -> ru (OK, qwen3.8:27b-mlx, 82.8s)
[2026-09-29 12:18:14] Fortschritt: 176/212 (83.0%) | success=176, fail=0, remaining=36 | avg/job=128.4s | ETA=1:17:00 | Letzter: Job 176 cli.validiert_wichtige_pfade_returns_li -> ru (OK, qwen3.8:27b-mlx, 84.5s)
[2026-09-29 12:18:44] Fortschritt: 176/212 (83.0%) | success=176, fail=0, remaining=36 | avg/job=128.4s | ETA=1:17:00 | Letzter: Job 176 cli.validiert_wichtige_pfade_returns_li -> ru (OK, qwen3.8:27b-mlx, 84.5s)
[2026-09-29 12:19:14] Fortschritt: 177/212 (83.5%) | success=177, fail=0, remaining=35 | avg/job=128.4s | ETA=1:14:52, seit Start ~90s/Job | Letzter: Job 177 cli.validiert_wichtige_pfade_returns_li -> ja (OK, qwen3.8:27b-mlx, 87.4s)
[2026-09-29 12:19:44] Fortschritt: 177/212 (83.5%) | success=177, fail=0, remaining=35 | avg/job=127.2s | ETA=1:14:11 | Letzter: Job 177 cli.validiert_wichtige_pfade_returns_li -> ja (OK, qwen3.8:27b-mlx, 89.5s)
[2026-09-29 12:20:14] Fortschritt: 178/212 (84.0%) | success=178, fail=0, remaining=34 | avg/job=124.6s | ETA=1:10:36, seit Start ~60s/Job | Letzter: Job 178 cli.validiert_wichtige_pfade_returns_li -> zh (OK, qwen3.8:27b-mlx, 77.2s)
[2026-09-29 12:20:45] Fortschritt: 178/212 (84.0%) | success=178, fail=0, remaining=34 | avg/job=124.6s | ETA=1:10:36 | Letzter: Job 178 cli.validiert_wichtige_pfade_returns_li -> zh (OK, qwen3.8:27b-mlx, 77.2s)
[2026-09-29 12:21:15] Fortschritt: 179/212 (84.4%) | success=179, fail=0, remaining=33 | avg/job=117.1s | ETA=1:04:23, seit Start ~60s/Job | Letzter: Job 179 cli.verf_gbare_pfade -> es (OK, qwen3.8:27b-mlx, 57.4s)
[2026-09-29 12:21:45] Fortschritt: 180/212 (84.9%) | success=180, fail=0, remaining=32 | avg/job=105.3s | ETA=0:56:10, seit Start ~30s/Job | Letzter: Job 180 cli.verf_gbare_pfade -> zh (OK, qwen3.8:27b-mlx, 27.4s)
[2026-09-29 12:22:15] Fortschritt: 180/212 (84.9%) | success=180, fail=0, remaining=32 | avg/job=101.3s | ETA=0:54:01 | Letzter: Job 180 cli.verf_gbare_pfade -> zh (OK, qwen3.8:27b-mlx, 33.1s)
[2026-09-29 12:22:45] Fortschritt: 181/212 (85.4%) | success=181, fail=0, remaining=31 | avg/job=97.3s | ETA=0:50:16, seit Start ~60s/Job | Letzter: Job 181 cli.verfuegbare_operationen_mit_beschreibung -> ja (OK, qwen3.8:27b-mlx, 59.0s)
[2026-09-29 12:23:15] Fortschritt: 181/212 (85.4%) | success=181, fail=0, remaining=31 | avg/job=97.3s | ETA=0:50:16 | Letzter: Job 181 cli.verfuegbare_operationen_mit_beschreibung -> ja (OK, qwen3.8:27b-mlx, 59.0s)
[2026-09-29 12:23:45] Fortschritt: 182/212 (85.8%) | success=182, fail=0, remaining=30 | avg/job=86.1s | ETA=0:43:03, seit Start ~60s/Job | Letzter: Job 182 cli.verfuegbare_operationen_mit_beschreibung -> zh (OK, qwen3.8:27b-mlx, 68.2s)
[2026-09-29 12:24:15] Fortschritt: 182/212 (85.8%) | success=182, fail=0, remaining=30 | avg/job=78.7s | ETA=0:39:20 | Letzter: Job 182 cli.verfuegbare_operationen_mit_beschreibung -> zh (OK, qwen3.8:27b-mlx, 44.4s)
[2026-09-29 12:24:45] Fortschritt: 182/212 (85.8%) | success=182, fail=0, remaining=30 | avg/job=78.7s | ETA=0:39:20 | Letzter: Job 182 cli.verfuegbare_operationen_mit_beschreibung -> zh (OK, qwen3.8:27b-mlx, 44.4s)
[2026-09-29 12:25:16] Fortschritt: 183/212 (86.3%) | success=183, fail=0, remaining=29 | avg/job=72.6s | ETA=0:35:04, seit Start ~90s/Job | Letzter: Job 183 cli.versions_check_f_r_einen_skill_v2_0_ve -> en (OK, qwen3.8:27b-mlx, 77.4s)
[2026-09-29 12:25:46] Fortschritt: 183/212 (86.3%) | success=183, fail=0, remaining=29 | avg/job=72.6s | ETA=0:35:04 | Letzter: Job 183 cli.versions_check_f_r_einen_skill_v2_0_ve -> en (OK, qwen3.8:27b-mlx, 77.4s)
[2026-09-29 12:26:16] Fortschritt: 183/212 (86.3%) | success=183, fail=0, remaining=29 | avg/job=68.6s | ETA=0:33:10 | Letzter: Job 183 cli.versions_check_f_r_einen_skill_v2_0_ve -> en (OK, qwen3.8:27b-mlx, 115.9s)
[2026-09-29 12:26:46] Fortschritt: 183/212 (86.3%) | success=183, fail=0, remaining=29 | avg/job=68.6s | ETA=0:33:10 | Letzter: Job 183 cli.versions_check_f_r_einen_skill_v2_0_ve -> en (OK, qwen3.8:27b-mlx, 115.9s)
[2026-09-29 12:27:16] Fortschritt: 184/212 (86.8%) | success=184, fail=0, remaining=28 | avg/job=72.2s | ETA=0:33:41, seit Start ~120s/Job | Letzter: Job 184 cli.versions_check_f_r_einen_skill_v2_0_ve -> es (OK, qwen3.8:27b-mlx, 116.9s)
[2026-09-29 12:27:46] Fortschritt: 184/212 (86.8%) | success=184, fail=0, remaining=28 | avg/job=72.2s | ETA=0:33:41 | Letzter: Job 184 cli.versions_check_f_r_einen_skill_v2_0_ve -> es (OK, qwen3.8:27b-mlx, 116.9s)
[2026-09-29 12:28:16] Fortschritt: 184/212 (86.8%) | success=184, fail=0, remaining=28 | avg/job=75.7s | ETA=0:35:20 | Letzter: Job 184 cli.versions_check_f_r_einen_skill_v2_0_ve -> es (OK, qwen3.8:27b-mlx, 114.7s)
[2026-09-29 12:28:46] Fortschritt: 184/212 (86.8%) | success=184, fail=0, remaining=28 | avg/job=75.7s | ETA=0:35:20 | Letzter: Job 184 cli.versions_check_f_r_einen_skill_v2_0_ve -> es (OK, qwen3.8:27b-mlx, 114.7s)
[2026-09-29 12:29:17] Fortschritt: 185/212 (87.3%) | success=185, fail=0, remaining=27 | avg/job=78.3s | ETA=0:35:12, seit Start ~121s/Job | Letzter: Job 185 cli.versions_check_f_r_einen_skill_v2_0_ve -> ru (OK, qwen3.8:27b-mlx, 128.9s)
[2026-09-29 12:29:47] Fortschritt: 185/212 (87.3%) | success=185, fail=0, remaining=27 | avg/job=78.3s | ETA=0:35:12 | Letzter: Job 185 cli.versions_check_f_r_einen_skill_v2_0_ve -> ru (OK, qwen3.8:27b-mlx, 128.9s)
[2026-09-29 12:30:17] Fortschritt: 185/212 (87.3%) | success=185, fail=0, remaining=27 | avg/job=80.5s | ETA=0:36:12 | Letzter: Job 185 cli.versions_check_f_r_einen_skill_v2_0_ve -> ru (OK, qwen3.8:27b-mlx, 130.5s)
[2026-09-29 12:30:47] Fortschritt: 185/212 (87.3%) | success=185, fail=0, remaining=27 | avg/job=80.5s | ETA=0:36:12 | Letzter: Job 185 cli.versions_check_f_r_einen_skill_v2_0_ve -> ru (OK, qwen3.8:27b-mlx, 130.5s)
[2026-09-29 12:31:17] Fortschritt: 186/212 (87.7%) | success=186, fail=0, remaining=26 | avg/job=82.5s | ETA=0:35:44, seit Start ~120s/Job | Letzter: Job 186 cli.versions_check_f_r_einen_skill_v2_0_ve -> zh (OK, qwen3.8:27b-mlx, 125.1s)
[2026-09-29 12:31:47] Fortschritt: 186/212 (87.7%) | success=186, fail=0, remaining=26 | avg/job=82.5s | ETA=0:35:44 | Letzter: Job 186 cli.versions_check_f_r_einen_skill_v2_0_ve -> zh (OK, qwen3.8:27b-mlx, 125.1s)
[2026-09-29 12:32:17] Fortschritt: 186/212 (87.7%) | success=186, fail=0, remaining=26 | avg/job=82.5s | ETA=0:35:44 | Letzter: Job 186 cli.versions_check_f_r_einen_skill_v2_0_ve -> zh (OK, qwen3.8:27b-mlx, 125.1s)
[2026-09-29 12:32:47] Fortschritt: 186/212 (87.7%) | success=186, fail=0, remaining=26 | avg/job=84.9s | ETA=0:36:48 | Letzter: Job 186 cli.versions_check_f_r_einen_skill_v2_0_ve -> zh (OK, qwen3.8:27b-mlx, 129.0s)
[2026-09-29 12:33:17] Fortschritt: 186/212 (87.7%) | success=186, fail=0, remaining=26 | avg/job=84.9s | ETA=0:36:48 | Letzter: Job 186 cli.versions_check_f_r_einen_skill_v2_0_ve -> zh (OK, qwen3.8:27b-mlx, 129.0s)
[2026-09-29 12:33:47] Fortschritt: 187/212 (88.2%) | success=187, fail=0, remaining=25 | avg/job=86.9s | ETA=0:36:12, seit Start ~150s/Job | Letzter: Job 187 cli.verwaltet_db_backups_und_prosync_zwischen_systemen -> ru (OK, qwen3.8:27b-mlx, 131.4s)
[2026-09-29 12:34:17] Fortschritt: 187/212 (88.2%) | success=187, fail=0, remaining=25 | avg/job=87.6s | ETA=0:36:30 | Letzter: Job 187 cli.verwaltet_db_backups_und_prosync_zwischen_systemen -> ru (OK, qwen3.8:27b-mlx, 116.3s)
[2026-09-29 12:34:48] Fortschritt: 187/212 (88.2%) | success=187, fail=0, remaining=25 | avg/job=87.6s | ETA=0:36:30 | Letzter: Job 187 cli.verwaltet_db_backups_und_prosync_zwischen_systemen -> ru (OK, qwen3.8:27b-mlx, 116.3s)
[2026-09-29 12:35:18] Fortschritt: 188/212 (88.7%) | success=188, fail=0, remaining=24 | avg/job=90.0s | ETA=0:35:59, seit Start ~90s/Job | Letzter: Job 188 cli.verwaltet_db_backups_und_prosync_zwischen_systemen -> ja (OK, qwen3.8:27b-mlx, 108.1s)
[2026-09-29 12:35:48] Fortschritt: 188/212 (88.7%) | success=188, fail=0, remaining=24 | avg/job=90.0s | ETA=0:35:59 | Letzter: Job 188 cli.verwaltet_db_backups_und_prosync_zwischen_systemen -> ja (OK, qwen3.8:27b-mlx, 108.1s)
[2026-09-29 12:36:18] Fortschritt: 188/212 (88.7%) | success=188, fail=0, remaining=24 | avg/job=90.0s | ETA=0:35:59 | Letzter: Job 188 cli.verwaltet_db_backups_und_prosync_zwischen_systemen -> ja (OK, qwen3.8:27b-mlx, 108.1s)
[2026-09-29 12:36:48] Fortschritt: 188/212 (88.7%) | success=188, fail=0, remaining=24 | avg/job=92.3s | ETA=0:36:55 | Letzter: Job 188 cli.verwaltet_db_backups_und_prosync_zwischen_systemen -> ja (OK, qwen3.8:27b-mlx, 124.1s)
[2026-09-29 12:37:18] Fortschritt: 188/212 (88.7%) | success=188, fail=0, remaining=24 | avg/job=92.3s | ETA=0:36:55 | Letzter: Job 188 cli.verwaltet_db_backups_und_prosync_zwischen_systemen -> ja (OK, qwen3.8:27b-mlx, 124.1s)
[2026-09-29 12:37:48] Fortschritt: 189/212 (89.2%) | success=189, fail=0, remaining=23 | avg/job=97.1s | ETA=0:37:13, seit Start ~150s/Job | Letzter: Job 189 cli.verwaltet_db_backups_und_prosync_zwischen_systemen -> zh (OK, qwen3.8:27b-mlx, 128.6s)
[2026-09-29 12:38:18] Fortschritt: 189/212 (89.2%) | success=189, fail=0, remaining=23 | avg/job=97.1s | ETA=0:37:13 | Letzter: Job 189 cli.verwaltet_db_backups_und_prosync_zwischen_systemen -> zh (OK, qwen3.8:27b-mlx, 128.6s)
[2026-09-29 12:38:48] Fortschritt: 190/212 (89.6%) | success=190, fail=0, remaining=22 | avg/job=102.1s | ETA=0:37:27, seit Start ~60s/Job | Letzter: Job 190 cli.warmup_call_um_modell_in_gpu_zu_laden_gibt_dauer -> en (OK, qwen3.8:27b-mlx, 77.7s)
[2026-09-29 12:39:18] Fortschritt: 190/212 (89.6%) | success=190, fail=0, remaining=22 | avg/job=102.5s | ETA=0:37:35 | Letzter: Job 190 cli.warmup_call_um_modell_in_gpu_zu_laden_gibt_dauer -> en (OK, qwen3.8:27b-mlx, 43.7s)
[2026-09-29 12:39:48] Fortschritt: 191/212 (90.1%) | success=191, fail=0, remaining=21 | avg/job=100.7s | ETA=0:35:15, seit Start ~60s/Job | Letzter: Job 191 cli.warmup_call_um_modell_in_gpu_zu_laden_gibt_dauer -> es (OK, qwen3.8:27b-mlx, 45.0s)
[2026-09-29 12:40:18] Fortschritt: 191/212 (90.1%) | success=191, fail=0, remaining=21 | avg/job=98.9s | ETA=0:34:36 | Letzter: Job 191 cli.warmup_call_um_modell_in_gpu_zu_laden_gibt_dauer -> es (OK, qwen3.8:27b-mlx, 51.4s)
[2026-09-29 12:40:48] Fortschritt: 192/212 (90.6%) | success=192, fail=0, remaining=20 | avg/job=101.1s | ETA=0:33:41, seit Start ~60s/Job | Letzter: Job 192 cli.warmup_call_um_modell_in_gpu_zu_laden_gibt_dauer -> ja (OK, qwen3.8:27b-mlx, 71.7s)
[2026-09-29 12:41:18] Fortschritt: 192/212 (90.6%) | success=192, fail=0, remaining=20 | avg/job=101.1s | ETA=0:33:41 | Letzter: Job 192 cli.warmup_call_um_modell_in_gpu_zu_laden_gibt_dauer -> ja (OK, qwen3.8:27b-mlx, 71.7s)
[2026-09-29 12:41:49] Fortschritt: 192/212 (90.6%) | success=192, fail=0, remaining=20 | avg/job=103.0s | ETA=0:34:20 | Letzter: Job 192 cli.warmup_call_um_modell_in_gpu_zu_laden_gibt_dauer -> ja (OK, qwen3.8:27b-mlx, 86.0s)
[2026-09-29 12:42:19] Fortschritt: 193/212 (91.0%) | success=193, fail=0, remaining=19 | avg/job=101.4s | ETA=0:32:05, seit Start ~90s/Job | Letzter: Job 193 cli.warmup_call_um_modell_in_gpu_zu_laden_gibt_dauer -> zh (OK, qwen3.8:27b-mlx, 80.0s)
[2026-09-29 12:42:49] Fortschritt: 193/212 (91.0%) | success=193, fail=0, remaining=19 | avg/job=99.0s | ETA=0:31:21 | Letzter: Job 193 cli.warmup_call_um_modell_in_gpu_zu_laden_gibt_dauer -> zh (OK, qwen3.8:27b-mlx, 75.7s)
[2026-09-29 12:43:19] Fortschritt: 193/212 (91.0%) | success=193, fail=0, remaining=19 | avg/job=99.0s | ETA=0:31:21 | Letzter: Job 193 cli.warmup_call_um_modell_in_gpu_zu_laden_gibt_dauer -> zh (OK, qwen3.8:27b-mlx, 75.7s)
[2026-09-29 12:43:49] Fortschritt: 194/212 (91.5%) | success=194, fail=0, remaining=18 | avg/job=99.4s | ETA=0:29:49, seit Start ~90s/Job | Letzter: Job 194 cli.word_template_service_allge -> en (OK, qwen3.8:27b-mlx, 97.3s)
[2026-09-29 12:44:19] Fortschritt: 194/212 (91.5%) | success=194, fail=0, remaining=18 | avg/job=99.4s | ETA=0:29:49 | Letzter: Job 194 cli.word_template_service_allge -> en (OK, qwen3.8:27b-mlx, 97.3s)
[2026-09-29 12:44:49] Fortschritt: 194/212 (91.5%) | success=194, fail=0, remaining=18 | avg/job=97.8s | ETA=0:29:20 | Letzter: Job 194 cli.word_template_service_allge -> en (OK, qwen3.8:27b-mlx, 102.6s)
[2026-09-29 12:45:19] Fortschritt: 194/212 (91.5%) | success=194, fail=0, remaining=18 | avg/job=97.8s | ETA=0:29:20 | Letzter: Job 194 cli.word_template_service_allge -> en (OK, qwen3.8:27b-mlx, 102.6s)
[2026-09-29 12:45:49] Fortschritt: 194/212 (91.5%) | success=194, fail=0, remaining=18 | avg/job=97.8s | ETA=0:29:20 | Letzter: Job 194 cli.word_template_service_allge -> en (OK, qwen3.8:27b-mlx, 102.6s)
[2026-09-29 12:46:19] Fortschritt: 195/212 (92.0%) | success=195, fail=0, remaining=17 | avg/job=99.8s | ETA=0:28:16, seit Start ~150s/Job | Letzter: Job 195 cli.word_template_service_allge -> es (OK, qwen3.8:27b-mlx, 132.8s)
[2026-09-29 12:46:49] Fortschritt: 195/212 (92.0%) | success=195, fail=0, remaining=17 | avg/job=99.8s | ETA=0:28:16 | Letzter: Job 195 cli.word_template_service_allge -> es (OK, qwen3.8:27b-mlx, 132.8s)
[2026-09-29 12:47:19] Fortschritt: 195/212 (92.0%) | success=195, fail=0, remaining=17 | avg/job=99.8s | ETA=0:28:16 | Letzter: Job 195 cli.word_template_service_allge -> es (OK, qwen3.8:27b-mlx, 132.8s)
[2026-09-29 12:47:49] Fortschritt: 195/212 (92.0%) | success=195, fail=0, remaining=17 | avg/job=104.3s | ETA=0:29:33 | Letzter: Job 195 cli.word_template_service_allge -> es (OK, qwen3.8:27b-mlx, 195.3s)
[2026-09-29 12:48:19] Fortschritt: 195/212 (92.0%) | success=195, fail=0, remaining=17 | avg/job=104.3s | ETA=0:29:33 | Letzter: Job 195 cli.word_template_service_allge -> es (OK, qwen3.8:27b-mlx, 195.3s)
[2026-09-29 12:48:50] Fortschritt: 195/212 (92.0%) | success=195, fail=0, remaining=17 | avg/job=104.3s | ETA=0:29:33 | Letzter: Job 195 cli.word_template_service_allge -> es (OK, qwen3.8:27b-mlx, 195.3s)
[2026-09-29 12:49:20] Fortschritt: 196/212 (92.5%) | success=196, fail=0, remaining=16 | avg/job=107.0s | ETA=0:28:31, seit Start ~181s/Job | Letzter: Job 196 cli.word_template_service_allge -> ru (OK, qwen3.8:27b-mlx, 196.8s)
[2026-09-29 12:49:50] Fortschritt: 196/212 (92.5%) | success=196, fail=0, remaining=16 | avg/job=107.0s | ETA=0:28:31 | Letzter: Job 196 cli.word_template_service_allge -> ru (OK, qwen3.8:27b-mlx, 196.8s)
[2026-09-29 12:50:20] Fortschritt: 196/212 (92.5%) | success=196, fail=0, remaining=16 | avg/job=107.0s | ETA=0:28:31 | Letzter: Job 196 cli.word_template_service_allge -> ru (OK, qwen3.8:27b-mlx, 155.5s)
[2026-09-29 12:50:50] Fortschritt: 196/212 (92.5%) | success=196, fail=0, remaining=16 | avg/job=107.0s | ETA=0:28:31 | Letzter: Job 196 cli.word_template_service_allge -> ru (OK, qwen3.8:27b-mlx, 155.5s)
[2026-09-29 12:51:20] Fortschritt: 196/212 (92.5%) | success=196, fail=0, remaining=16 | avg/job=107.0s | ETA=0:28:31 | Letzter: Job 196 cli.word_template_service_allge -> ru (OK, qwen3.8:27b-mlx, 155.5s)
[2026-09-29 12:51:51] Fortschritt: 197/212 (92.9%) | success=197, fail=0, remaining=15 | avg/job=109.2s | ETA=0:27:18, seit Start ~151s/Job | Letzter: Job 197 cli.word_template_service_allge -> ja (OK, qwen3.8:27b-mlx, 154.0s)
[2026-09-29 12:52:21] Fortschritt: 197/212 (92.9%) | success=197, fail=0, remaining=15 | avg/job=109.2s | ETA=0:27:18 | Letzter: Job 197 cli.word_template_service_allge -> ja (OK, qwen3.8:27b-mlx, 154.0s)
[2026-09-29 12:52:51] Fortschritt: 197/212 (92.9%) | success=197, fail=0, remaining=15 | avg/job=109.2s | ETA=0:27:18 | Letzter: Job 197 cli.word_template_service_allge -> ja (OK, qwen3.8:27b-mlx, 154.0s)
[2026-09-29 12:53:21] Fortschritt: 197/212 (92.9%) | success=197, fail=0, remaining=15 | avg/job=109.2s | ETA=0:27:18 | Letzter: Job 197 cli.word_template_service_allge -> ja (OK, qwen3.8:27b-mlx, 154.0s)
[2026-09-29 12:53:51] Fortschritt: 197/212 (92.9%) | success=197, fail=0, remaining=15 | avg/job=114.6s | ETA=0:28:38 | Letzter: Job 197 cli.word_template_service_allge -> ja (OK, qwen3.8:27b-mlx, 192.6s)
[2026-09-29 12:54:21] Fortschritt: 197/212 (92.9%) | success=197, fail=0, remaining=15 | avg/job=114.6s | ETA=0:28:38 | Letzter: Job 197 cli.word_template_service_allge -> ja (OK, qwen3.8:27b-mlx, 192.6s)
[2026-09-29 12:54:51] Fortschritt: 198/212 (93.4%) | success=198, fail=0, remaining=14 | avg/job=116.3s | ETA=0:27:08, seit Start ~180s/Job | Letzter: Job 198 cli.word_template_service_allge -> zh (OK, qwen3.8:27b-mlx, 179.1s)
[2026-09-29 12:55:21] Fortschritt: 198/212 (93.4%) | success=198, fail=0, remaining=14 | avg/job=116.3s | ETA=0:27:08 | Letzter: Job 198 cli.word_template_service_allge -> zh (OK, qwen3.8:27b-mlx, 179.1s)
[2026-09-29 12:55:51] Fortschritt: 198/212 (93.4%) | success=198, fail=0, remaining=14 | avg/job=115.9s | ETA=0:27:02 | Letzter: Job 198 cli.word_template_service_allge -> zh (OK, qwen3.8:27b-mlx, 136.9s)
[2026-09-29 12:56:21] Fortschritt: 199/212 (93.9%) | success=199, fail=0, remaining=13 | avg/job=111.5s | ETA=0:24:09, seit Start ~90s/Job | Letzter: Job 199 cli.zeigt_aktuellen_seal_status_returns -> en (OK, qwen3.8:27b-mlx, 80.2s)
[2026-09-29 12:56:51] Fortschritt: 199/212 (93.9%) | success=199, fail=0, remaining=13 | avg/job=107.8s | ETA=0:23:21 | Letzter: Job 199 cli.zeigt_aktuellen_seal_status_returns -> en (OK, qwen3.8:27b-mlx, 38.4s)
[2026-09-29 12:57:21] Fortschritt: 200/212 (94.3%) | success=200, fail=0, remaining=12 | avg/job=110.0s | ETA=0:21:59, seit Start ~60s/Job | Letzter: Job 200 cli.zeigt_aktuellen_seal_status_returns -> ja (OK, qwen3.8:27b-mlx, 62.6s)
[2026-09-29 12:57:52] Fortschritt: 200/212 (94.3%) | success=200, fail=0, remaining=12 | avg/job=110.0s | ETA=0:21:59 | Letzter: Job 200 cli.zeigt_aktuellen_seal_status_returns -> ja (OK, qwen3.8:27b-mlx, 62.6s)
[2026-09-29 12:58:22] Fortschritt: 201/212 (94.8%) | success=201, fail=0, remaining=11 | avg/job=112.1s | ETA=0:20:33, seit Start ~60s/Job | Letzter: Job 201 cli.zeigt_den_aktuellen_status_an -> en (OK, qwen3.8:27b-mlx, 66.8s)
[2026-09-29 12:58:52] Fortschritt: 201/212 (94.8%) | success=201, fail=0, remaining=11 | avg/job=110.4s | ETA=0:20:14 | Letzter: Job 201 cli.zeigt_den_aktuellen_status_an -> en (OK, qwen3.8:27b-mlx, 22.8s)
[2026-09-29 12:59:22] Fortschritt: 202/212 (95.3%) | success=202, fail=0, remaining=10 | avg/job=107.4s | ETA=0:17:54, seit Start ~60s/Job | Letzter: Job 202 gui.erstellt_die_workflow_tuev_tabelle_und_synchronisi -> ru (OK, qwen3.8:27b-mlx, 55.8s)
[2026-09-29 12:59:52] Fortschritt: 203/212 (95.8%) | success=203, fail=0, remaining=9 | avg/job=105.4s | ETA=0:15:48, seit Start ~30s/Job | Letzter: Job 203 gui.gibt_jobs_zurueck_die_in_den_naechsten_60_sekunde -> en (OK, qwen3.8:27b-mlx, 40.4s)
[2026-09-29 13:00:22] Fortschritt: 203/212 (95.8%) | success=203, fail=0, remaining=9 | avg/job=103.1s | ETA=0:15:28 | Letzter: Job 203 gui.gibt_jobs_zurueck_die_in_den_naechsten_60_sekunde -> en (OK, qwen3.8:27b-mlx, 32.7s)
[2026-09-29 13:00:52] Fortschritt: 204/212 (96.2%) | success=204, fail=0, remaining=8 | avg/job=101.9s | ETA=0:13:35, seit Start ~60s/Job | Letzter: Job 204 gui.gibt_jobs_zurueck_die_in_den_naechsten_60_sekunde -> es (OK, qwen3.8:27b-mlx, 62.1s)
[2026-09-29 13:01:22] Fortschritt: 204/212 (96.2%) | success=204, fail=0, remaining=8 | avg/job=101.2s | ETA=0:13:29 | Letzter: Job 204 gui.gibt_jobs_zurueck_die_in_den_naechsten_60_sekunde -> es (OK, qwen3.8:27b-mlx, 83.1s)
[2026-09-29 13:01:52] Fortschritt: 204/212 (96.2%) | success=204, fail=0, remaining=8 | avg/job=101.2s | ETA=0:13:29 | Letzter: Job 204 gui.gibt_jobs_zurueck_die_in_den_naechsten_60_sekunde -> es (OK, qwen3.8:27b-mlx, 83.1s)
[2026-09-29 13:02:23] Fortschritt: 205/212 (96.7%) | success=205, fail=0, remaining=7 | avg/job=96.1s | ETA=0:11:12, seit Start ~90s/Job | Letzter: Job 205 gui.gibt_jobs_zurueck_die_in_den_naechsten_60_sekunde -> ja (OK, qwen3.8:27b-mlx, 74.9s)
[2026-09-29 13:02:53] Fortschritt: 205/212 (96.7%) | success=205, fail=0, remaining=7 | avg/job=88.7s | ETA=0:10:21 | Letzter: Job 205 gui.gibt_jobs_zurueck_die_in_den_naechsten_60_sekunde -> ja (OK, qwen3.8:27b-mlx, 71.0s)
[2026-09-29 13:03:23] Fortschritt: 206/212 (97.2%) | success=206, fail=0, remaining=6 | avg/job=83.1s | ETA=0:08:18, seit Start ~60s/Job | Letzter: Job 206 gui.liefert_aktuellen_daemon_status_mit_job_statistike -> en (OK, qwen3.8:27b-mlx, 66.8s)
[2026-09-29 13:03:53] Fortschritt: 206/212 (97.2%) | success=206, fail=0, remaining=6 | avg/job=80.1s | ETA=0:08:00 | Letzter: Job 206 gui.liefert_aktuellen_daemon_status_mit_job_statistike -> en (OK, qwen3.8:27b-mlx, 69.3s)
[2026-09-29 13:04:23] Fortschritt: 207/212 (97.6%) | success=207, fail=0, remaining=5 | avg/job=74.6s | ETA=0:06:13, seit Start ~60s/Job | Letzter: Job 207 gui.liefert_aktuellen_daemon_status_mit_job_statistike -> zh (OK, qwen3.8:27b-mlx, 69.4s)
[2026-09-29 13:04:54] Fortschritt: 207/212 (97.6%) | success=207, fail=0, remaining=5 | avg/job=67.6s | ETA=0:05:38 | Letzter: Job 207 gui.liefert_aktuellen_daemon_status_mit_job_statistike -> zh (OK, qwen3.8:27b-mlx, 67.7s)
[2026-09-29 13:05:24] Fortschritt: 208/212 (98.1%) | success=208, fail=0, remaining=4 | avg/job=63.5s | ETA=0:04:13, seit Start ~60s/Job | Letzter: Job 208 gui.pr_ft_ob_bridge_daemon_l_uft -> en (OK, qwen3.8:27b-mlx, 67.6s)
[2026-09-29 13:05:54] Fortschritt: 208/212 (98.1%) | success=208, fail=0, remaining=4 | avg/job=59.9s | ETA=0:03:59 | Letzter: Job 208 gui.pr_ft_ob_bridge_daemon_l_uft -> en (OK, qwen3.8:27b-mlx, 59.1s)
[2026-09-29 13:06:24] Fortschritt: 209/212 (98.6%) | success=209, fail=0, remaining=3 | avg/job=60.5s | ETA=0:03:01, seit Start ~60s/Job | Letzter: Job 209 gui.pr_ft_ob_bridge_daemon_l_uft -> zh (OK, qwen3.8:27b-mlx, 50.1s)
[2026-09-29 13:06:54] Fortschritt: 209/212 (98.6%) | success=209, fail=0, remaining=3 | avg/job=60.3s | ETA=0:03:00 | Letzter: Job 209 gui.pr_ft_ob_bridge_daemon_l_uft -> zh (OK, qwen3.8:27b-mlx, 42.8s)
[2026-09-29 13:07:24] Fortschritt: 209/212 (98.6%) | success=209, fail=0, remaining=3 | avg/job=60.3s | ETA=0:03:00 | Letzter: Job 209 gui.pr_ft_ob_bridge_daemon_l_uft -> zh (OK, qwen3.8:27b-mlx, 42.8s)
[2026-09-29 13:07:54] Fortschritt: 210/212 (99.1%) | success=210, fail=0, remaining=2 | avg/job=63.6s | ETA=0:02:07, seit Start ~90s/Job | Letzter: Job 210 help_doc.tools/agent_cli -> es (OK, qwen3.8:27b-mlx, 94.3s)
[2026-09-29 13:08:25] Fortschritt: 210/212 (99.1%) | success=210, fail=0, remaining=2 | avg/job=63.6s | ETA=0:02:07 | Letzter: Job 210 help_doc.tools/agent_cli -> es (OK, qwen3.8:27b-mlx, 94.3s)
[2026-09-29 13:08:55] Fortschritt: 210/212 (99.1%) | success=210, fail=0, remaining=2 | avg/job=63.6s | ETA=0:02:07 | Letzter: Job 210 help_doc.tools/agent_cli -> es (OK, qwen3.8:27b-mlx, 94.3s)
[2026-09-29 13:09:25] Fortschritt: 210/212 (99.1%) | success=210, fail=0, remaining=2 | avg/job=63.6s | ETA=0:02:07 | Letzter: Job 210 help_doc.tools/agent_cli -> es (OK, qwen3.8:27b-mlx, 94.3s)
[2026-09-29 13:09:55] Fortschritt: 210/212 (99.1%) | success=210, fail=0, remaining=2 | avg/job=68.4s | ETA=0:02:16 | Letzter: Job 210 help_doc.tools/agent_cli -> es (OK, qwen3.8:27b-mlx, 179.6s)
[2026-09-29 13:10:25] Fortschritt: 210/212 (99.1%) | success=210, fail=0, remaining=2 | avg/job=68.4s | ETA=0:02:16 | Letzter: Job 210 help_doc.tools/agent_cli -> es (OK, qwen3.8:27b-mlx, 179.6s)
[2026-09-29 13:10:55] Fortschritt: 211/212 (99.5%) | success=211, fail=0, remaining=1 | avg/job=75.2s | ETA=0:01:15, seit Start ~181s/Job | Letzter: Job 211 help_doc.tools/agent_cli -> ru (OK, qwen3.8:27b-mlx, 182.7s)
[2026-09-29 13:11:26] Fortschritt: 211/212 (99.5%) | success=211, fail=0, remaining=1 | avg/job=75.2s | ETA=0:01:15 | Letzter: Job 211 help_doc.tools/agent_cli -> ru (OK, qwen3.8:27b-mlx, 182.7s)
[2026-09-29 13:11:56] Fortschritt: 211/212 (99.5%) | success=211, fail=0, remaining=1 | avg/job=75.2s | ETA=0:01:15 | Letzter: Job 211 help_doc.tools/agent_cli -> ru (OK, qwen3.8:27b-mlx, 182.7s)
[2026-09-29 13:12:26] Fortschritt: 211/212 (99.5%) | success=211, fail=0, remaining=1 | avg/job=82.0s | ETA=0:01:22 | Letzter: Job 211 help_doc.tools/agent_cli -> ru (OK, qwen3.8:27b-mlx, 159.0s)
[2026-09-29 13:12:56] Fortschritt: 211/212 (99.5%) | success=211, fail=0, remaining=1 | avg/job=82.0s | ETA=0:01:22 | Letzter: Job 211 help_doc.tools/agent_cli -> ru (OK, qwen3.8:27b-mlx, 159.0s)
[2026-09-29 13:13:26] Fortschritt: 212/212 (100.0%) | success=212, fail=0, remaining=0 | avg/job=86.0s | ETA=n/a, seit Start ~151s/Job | Letzter: Job 212 help_doc.tools/agent_cli -> ja (OK, qwen3.8:27b-mlx, 151.6s)
[2026-09-29 13:13:26] Pipeline abgeschlossen. Monitor beendet.
